/v_19rr9fo094,http://www.iqiyi.com/v_19rr9fo094.html,2016-10-10 11:11:16
/v_19rr9gi5k4,http://www.iqiyi.com/v_19rr9gi5k4.html?dcwpf0dc4=1476088713150,2016-10-10 16:38:33
/v_19rr9hn5ak,http://www.iqiyi.com/v_19rr9hn5ak.html,2016-10-10 22:38:17
/v_19rr9hsxg0,http://www.iqiyi.com/v_19rr9hsxg0.html?msrc=3_28_53,2016-10-10 02:11:49
/v_19rr9i81cc,http://www.iqiyi.com/v_19rr9i81cc.html?vfm=2002_2345f,2016-10-10 20:47:59
/v_19rr9icrv8,http://www.iqiyi.com/v_19rr9icrv8.html?msrc=3_28_53,2016-10-10 13:18:47
/v_19rr9igq6k,http://www.iqiyi.com/v_19rr9igq6k.html,2016-10-10 11:58:07
/v_19rr9igq6k,http://www.iqiyi.com/v_19rr9igq6k.html,2016-10-10 01:33:10
/v_19rr9ikiqg,http://www.iqiyi.com/v_19rr9ikiqg.html,2016-10-10 20:26:20
/v_19rr9jeweg,http://www.iqiyi.com/v_19rr9jeweg.html,2016-10-10 20:39:14
/v_19rr9jfqxo,http://www.iqiyi.com/v_19rr9jfqxo.html,2016-10-10 20:06:05
/v_19rr9jfxu8,http://www.iqiyi.com/v_19rr9jfxu8.html,2016-10-10 09:20:33
/v_19rr9k64zw,http://www.iqiyi.com/v_19rr9k64zw.html,2016-10-10 23:45:10
/v_19rr9n1m54,http://www.iqiyi.com/v_19rr9n1m54.html,2016-10-10 07:39:43
/v_19rr9n4dqg,http://www.iqiyi.com/v_19rr9n4dqg.html?dcwpf0dc4=1476103991571,2016-10-10 20:53:11
/v_19rr9n4jh0,http://www.iqiyi.com/v_19rr9n4jh0.html?vfm=m_103_txsp,2016-10-10 22:23:05
/v_19rr9n4jh0,http://www.iqiyi.com/v_19rr9n4jh0.html?vfm=m_103_txsp,2016-10-10 22:21:04
/v_19rr9n4jh0,http://www.iqiyi.com/v_19rr9n4jh0.html?vfm=m_103_txsp,2016-10-10 22:21:05
/v_19rr9n4jh0,http://www.iqiyi.com/v_19rr9n4jh0.html?vfm=m_103_txsp&dcwpf0dc4=1476109264151,2016-10-10 22:21:04
/v_19rr9n8nnc,http://www.iqiyi.com/v_19rr9n8nnc.html?msrc=3_28_53,2016-10-10 13:07:39
/v_19rr9n8nnc,http://www.iqiyi.com/v_19rr9n8nnc.html?spm=a2h0k.8191390.direct_touch.A,2016-10-10 10:09:41
/v_19rr9n9inc,http://www.iqiyi.com/v_19rr9n9inc.html,2016-10-10 20:06:55
/v_19rr9nd4vs,http://www.iqiyi.com/v_19rr9nd4vs.html,2016-10-10 16:55:54
/v_19rr9nd9ug,http://www.iqiyi.com/v_19rr9nd9ug.html,2016-10-10 20:54:18
/v_19rr9nd9ug,http://www.iqiyi.com/v_19rr9nd9ug.html,2016-10-10 12:25:37
/v_19rr9ne5a0,http://www.iqiyi.com/v_19rr9ne5a0.html,2016-10-10 11:55:08
/v_19rr9ne5a0,http://www.iqiyi.com/v_19rr9ne5a0.html,2016-10-10 21:08:23
/v_19rr9ne8ak,http://www.iqiyi.com/v_19rr9ne8ak.html,2016-10-10 21:52:55
/v_19rr9nlt0c,http://www.iqiyi.com/v_19rr9nlt0c.html,2016-10-10 02:14:42
/v_19rr9npnmc,http://www.iqiyi.com/v_19rr9npnmc.html,2016-10-10 20:57:41
/v_19rr9nq8es,http://www.iqiyi.com/v_19rr9nq8es.html?msrc=3_28_53,2016-10-10 23:59:55
/v_19rr9nq8es,http://www.iqiyi.com/v_19rr9nq8es.html?src=frbdaldjunest&vfm=bdvtx&frp=v.baidu.com%2Ftv_intro%2F&bl=jp_video&kwid=23861,2016-10-10 20:24:11
/v_19rr9nqdak,http://www.iqiyi.com/v_19rr9nqdak.html,2016-10-10 20:51:24
/v_19rr9nvers,http://www.iqiyi.com/v_19rr9nvers.html,2016-10-10 16:13:52
/v_19rr9nvers,http://www.iqiyi.com/v_19rr9nvers.html,2016-10-10 15:39:33
/v_19rr9nvers,http://www.iqiyi.com/v_19rr9nvers.html,2016-10-10 15:31:28
/v_19rr9nw2vg,http://www.iqiyi.com/v_19rr9nw2vg.html,2016-10-10 00:09:41
/v_19rr9o3t58,http://www.iqiyi.com/v_19rr9o3t58.html?vfm=2008_aldbd,2016-10-10 00:26:20
/v_19rr9o42b8,http://www.iqiyi.com/v_19rr9o42b8.html?vfm=2008_aldbd,2016-10-10 22:02:38
/v_19rr9o55l8,http://www.iqiyi.com/v_19rr9o55l8.html,2016-10-10 22:07:09
/v_19rr9o55l8,http://www.iqiyi.com/v_19rr9o55l8.html,2016-10-10 22:22:56
/v_19rr9o6cq0,http://www.iqiyi.com/v_19rr9o6cq0.html?vfm=f_237_qqll,2016-10-10 00:09:04
/v_19rr9o6ewk,http://www.iqiyi.com/v_19rr9o6ewk.html?vfm=f_237_qqll,2016-10-10 00:13:03
/v_19rr9oa2e0,http://www.iqiyi.com/v_19rr9oa2e0.html,2016-10-10 07:54:26
/v_19rr9oa83o,http://www.iqiyi.com/v_19rr9oa83o.html,2016-10-10 12:00:21
/v_19rr9oa83o,http://www.iqiyi.com/v_19rr9oa83o.html,2016-10-10 11:59:39
/v_19rr9obme4,http://www.iqiyi.com/v_19rr9obme4.html,2016-10-10 05:59:29
/v_19rr9odtow,http://www.iqiyi.com/v_19rr9odtow.html,2016-10-10 18:28:35
/v_19rr9pd8bk,http://www.iqiyi.com/v_19rr9pd8bk.html,2016-10-10 09:00:59
/v_19rr9peork,http://www.iqiyi.com/v_19rr9peork.html?msrc=3_28_53,2016-10-10 10:28:37
/v_19rrh1cshk,http://www.iqiyi.com/v_19rrh1cshk.html?vfrm=22_2_7_1,2016-10-10 00:35:03
/v_19rrh1ikb7,http://www.iqiyi.com/v_19rrh1ikb7.html,2016-10-10 18:29:03
/v_19rrh7nwyc,http://www.iqiyi.com/v_19rrh7nwyc.html,2016-10-10 02:30:49
/v_19rrh8q51b,http://www.iqiyi.com/v_19rrh8q51b.html,2016-10-10 20:02:25
/v_19rrhd5t9s,http://www.iqiyi.com/v_19rrhd5t9s.html,2016-10-10 19:50:44
/v_19rrhgn4ig,http://www.iqiyi.com/v_19rrhgn4ig.html?fc=b32f13b5d91e9307&msrc=3_28_53&bfversion=620300&dcwpf0dc4=1476072944435,2016-10-10 12:15:44
/v_19rrhgn4ig,http://www.iqiyi.com/v_19rrhgn4ig.html?fc=b32f13b5d91e9307&msrc=3_28_53&bfversion=620300&dcwpf0dc4=1476072991259,2016-10-10 12:16:31
/v_19rrhie6bk,http://www.iqiyi.com/v_19rrhie6bk.html,2016-10-10 23:11:50
/v_19rrhillm0,http://www.iqiyi.com/v_19rrhillm0.html?vfm=m_103_txsp,2016-10-10 22:15:04
/v_19rrhilum4,http://www.iqiyi.com/v_19rrhilum4.html?vfm=m_103_txsp,2016-10-10 20:06:25
/v_19rrhilvfo,http://www.iqiyi.com/v_19rrhilvfo.html?vfm=m_103_txsp,2016-10-10 21:06:40
/v_19rrhj0ims,http://www.iqiyi.com/v_19rrhj0ims.html,2016-10-10 21:07:18
/v_19rrhj1png,http://www.iqiyi.com/v_19rrhj1png.html?msrc=3_28_53&bfversion=5.0.0,2016-10-10 23:40:33
/v_19rrhol5i8,http://www.iqiyi.com/v_19rrhol5i8.html,2016-10-10 15:20:40
/v_19rrhu3ekg,http://www.iqiyi.com/v_19rrhu3ekg.html,2016-10-10 13:05:17
/v_19rrhukzqk,http://www.iqiyi.com/v_19rrhukzqk.html?vfm=m_103_txsp&from=singlemessage&isappinstalled=1,2016-10-10 11:53:32
/v_19rrhwsly8,http://www.iqiyi.com/v_19rrhwsly8.html?dcwpf0dc4=1476072568941,2016-10-10 12:09:30
/v_19rri0zlb0,http://www.iqiyi.com/v_19rri0zlb0.html?list=19rro53bre,2016-10-10 22:14:20
/v_19rri0zlb0,http://www.iqiyi.com/v_19rri0zlb0.html?list=19rro53bre,2016-10-10 23:55:43
/v_19rri0zlb0,http://www.iqiyi.com/v_19rri0zlb0.html?list=19rro53bre,2016-10-10 23:53:12
/v_19rrifiass,http://www.iqiyi.com/v_19rrifiass.html?list=19rro5wyzi,2016-10-10 21:35:55
/v_19rrifklj3,http://www.iqiyi.com/v_19rrifklj3.html,2016-10-10 15:23:12
/v_19rrifvgmc,http://www.iqiyi.com/v_19rrifvgmc.html?dcwpf0dc4=1476099912678,2016-10-10 19:45:11
/v_19rrifwx02,http://www.iqiyi.com/v_19rrifwx02.html,2016-10-10 05:03:08
/v_19rrkcgw1g,http://www.iqiyi.com/v_19rrkcgw1g.html?msrc=3_28_53,2016-10-10 00:28:26
/v_19rrkczbec,http://www.iqiyi.com/v_19rrkczbec.html?vfm=f_178_2345&fv=p_07_01,2016-10-10 18:39:59
/v_19rrke3x3o,http://www.iqiyi.com/v_19rrke3x3o.html,2016-10-10 22:05:35
/v_19rrkf6b9s,http://www.iqiyi.com/v_19rrkf6b9s.html?vfm=2008_aldbd&fc=828fb30b722f3164&fv=p_02_01,2016-10-10 15:13:02
/v_19rrkj15m0,http://www.iqiyi.com/v_19rrkj15m0.html?vfm=m_103_txsp,2016-10-10 00:04:00
/v_19rrkparo0,http://www.iqiyi.com/v_19rrkparo0.html?flashvars=masflag%3Dtrue,2016-10-10 18:22:37
/v_19rrkqhmto,http://www.iqiyi.com/v_19rrkqhmto.html,2016-10-10 01:04:36
/v_19rrkt424g,http://www.iqiyi.com/v_19rrkt424g.html,2016-10-10 16:45:09
/v_19rrkvjcno,http://www.iqiyi.com/v_19rrkvjcno.html,2016-10-10 23:10:53
/v_19rrkwmqog,http://www.iqiyi.com/v_19rrkwmqog.html?vfm=f_237_qqll,2016-10-10 07:28:36
/v_19rrkwmqog,http://www.iqiyi.com/v_19rrkwmqog.html?vfm=f_237_qqll&dcwpf0dc4=1476055698015,2016-10-10 07:28:17
/v_19rrkxmiss,http://www.iqiyi.com/v_19rrkxmiss.html,2016-10-10 00:46:57
/v_19rrkxmiss,http://www.iqiyi.com/v_19rrkxmiss.html?dcwpf0dc4=1476075854389,2016-10-10 13:04:14
/v_19rrl48ixc,http://www.iqiyi.com/v_19rrl48ixc.html,2016-10-10 14:36:48
/v_19rrl48ixc,http://www.iqiyi.com/v_19rrl48ixc.html,2016-10-10 02:26:54
/v_19rrl4lsng,http://www.iqiyi.com/v_19rrl4lsng.html?msrc=3_28_53&bfversion=5.0.1&dcwpf0dc4=1476088881501,2016-10-10 16:41:18
/v_19rrlaoa2c,http://www.iqiyi.com/v_19rrlaoa2c.html,2016-10-10 11:09:53
/v_19rrlc84gk,http://www.iqiyi.com/v_19rrlc84gk.html?vfm=m_103_txsp,2016-10-10 17:02:48
/v_19rrlf233w,http://www.iqiyi.com/v_19rrlf233w.html,2016-10-10 19:09:47
/v_19rrlgsg04,http://www.iqiyi.com/v_19rrlgsg04.html?fv=3320937cf64dae37561fab09fb17f450,2016-10-10 04:46:52
/v_19rrlgsg04,http://www.iqiyi.com/v_19rrlgsg04.html?fv=3320937cf64dae37561fab09fb17f450,2016-10-10 07:01:28
/v_19rrlgsg04,http://www.iqiyi.com/v_19rrlgsg04.html?fv=3320937cf64dae37561fab09fb17f450,2016-10-10 07:29:26
/v_19rrlgsg04,http://www.iqiyi.com/v_19rrlgsg04.html?fv=3320937cf64dae37561fab09fb17f450,2016-10-10 01:35:03
/v_19rrlgsg04,http://www.iqiyi.com/v_19rrlgsg04.html?fv=3320937cf64dae37561fab09fb17f450,2016-10-10 00:25:24
/v_19rrlgsg04,http://www.iqiyi.com/v_19rrlgsg04.html?fv=3320937cf64dae37561fab09fb17f450,2016-10-10 00:07:25
/v_19rrlgsg04,http://www.iqiyi.com/v_19rrlgsg04.html?fv=3320937cf64dae37561fab09fb17f450,2016-10-10 09:06:01
/v_19rrlgsg04,http://www.iqiyi.com/v_19rrlgsg04.html?fv=3320937cf64dae37561fab09fb17f450,2016-10-10 00:04:21
/v_19rrlgsg04,http://www.iqiyi.com/v_19rrlgsg04.html?fv=3320937cf64dae37561fab09fb17f450,2016-10-10 09:42:10
/v_19rrlgsg04,http://www.iqiyi.com/v_19rrlgsg04.html?fv=3320937cf64dae37561fab09fb17f450,2016-10-10 00:25:17
/v_19rrlgsg04,http://www.iqiyi.com/v_19rrlgsg04.html?fv=3320937cf64dae37561fab09fb17f450,2016-10-10 01:43:01
/v_19rrlgsg04,http://www.iqiyi.com/v_19rrlgsg04.html?fv=3320937cf64dae37561fab09fb17f450,2016-10-10 00:22:05
/v_19rrlgsg04,http://www.iqiyi.com/v_19rrlgsg04.html?fv=3320937cf64dae37561fab09fb17f450&dcwpf0dc4=1476029083583,2016-10-10 00:04:44
/v_19rrlgsg04,http://www.iqiyi.com/v_19rrlgsg04.html?fv=3320937cf64dae37561fab09fb17f450&dcwpf0dc4=1476031174499,2016-10-10 00:39:34
/v_19rrlgsg04,http://www.iqiyi.com/v_19rrlgsg04.html?fv=3320937cf64dae37561fab09fb17f450&dcwpf0dc4=1476034999113,2016-10-10 01:43:19
/v_19rrlhgg7c,http://www.iqiyi.com/v_19rrlhgg7c.html?src=frbdaldjunest,2016-10-10 22:51:35
/v_19rrll0l7g,http://www.iqiyi.com/v_19rrll0l7g.html?vfm=f_237_qqll,2016-10-10 19:33:23
/v_19rrlmwrz8,http://www.iqiyi.com/v_19rrlmwrz8.html,2016-10-10 11:17:38
/v_19rrluo3zo,http://www.iqiyi.com/v_19rrluo3zo.html?vfm=2008_aldbd&dcwpf0dc4=1476107578618,2016-10-10 21:52:58
/v_19rrlvlnks,http://www.iqiyi.com/v_19rrlvlnks.html,2016-10-10 10:32:23
/v_19rrlwpthc,http://www.iqiyi.com/v_19rrlwpthc.html,2016-10-10 18:51:13
/v_19rrlxqsfs,http://www.iqiyi.com/v_19rrlxqsfs.html,2016-10-10 03:34:27
/v_19rrlyw7pk,http://www.iqiyi.com/v_19rrlyw7pk.html,2016-10-10 07:16:15
/v_19rrlzgmmc,http://www.iqiyi.com/v_19rrlzgmmc.html,2016-10-10 04:54:12
/v_19rrm0jzzk,http://www.iqiyi.com/v_19rrm0jzzk.html,2016-10-10 12:50:45
/v_19rrm0qfow,http://www.iqiyi.com/v_19rrm0qfow.html,2016-10-10 23:27:56
/v_19rrm12tfc,http://www.iqiyi.com/v_19rrm12tfc.html?dcwpf0dc4=1476099784910,2016-10-10 19:43:05
/v_19rrm1cnts,http://www.iqiyi.com/v_19rrm1cnts.html?src=frbdaldjunest&_ts=1476083761391,2016-10-10 15:16:11
/v_19rrm1w2f8,http://www.iqiyi.com/v_19rrm1w2f8.html,2016-10-10 23:21:36
/v_19rrm1xxnk,http://www.iqiyi.com/v_19rrm1xxnk.html,2016-10-10 16:03:20
/v_19rrm2g2h8,http://www.iqiyi.com/v_19rrm2g2h8.html?fc=87451bff3f7d2f4a,2016-10-10 14:31:57
/v_19rrm3av68,http://www.iqiyi.com/v_19rrm3av68.html?msrc=3_28_53,2016-10-10 11:09:35
/v_19rrm3aveg,http://www.iqiyi.com/v_19rrm3aveg.html?vfm=f_191_360y,2016-10-10 22:58:42
/v_19rrm3b8ug,http://www.iqiyi.com/v_19rrm3b8ug.html?fv=96e711f6fefbbe50bbef049be0d7310b,2016-10-10 02:38:23
/v_19rrm3b8ug,http://www.iqiyi.com/v_19rrm3b8ug.html?fv=96e711f6fefbbe50bbef049be0d7310b,2016-10-10 01:15:25
/v_19rrm3b8ug,http://www.iqiyi.com/v_19rrm3b8ug.html?fv=96e711f6fefbbe50bbef049be0d7310b,2016-10-10 03:37:36
/v_19rrm3b8ug,http://www.iqiyi.com/v_19rrm3b8ug.html?fv=96e711f6fefbbe50bbef049be0d7310b&dcwpf0dc4=1476029749526,2016-10-10 00:15:49
/v_19rrm47xu8,http://www.iqiyi.com/v_19rrm47xu8.html,2016-10-10 20:17:41
/v_19rrm47xu8,http://www.iqiyi.com/v_19rrm47xu8.html,2016-10-10 20:15:48
/v_19rrm4f5vo,http://www.iqiyi.com/v_19rrm4f5vo.html,2016-10-10 14:04:40
/v_19rrm6o5hk,http://www.iqiyi.com/v_19rrm6o5hk.html?vfm=xlkkply,2016-10-10 12:20:39
/v_19rrm7iyq0,http://www.iqiyi.com/v_19rrm7iyq0.html,2016-10-10 23:59:57
/v_19rrm7urek,http://www.iqiyi.com/v_19rrm7urek.html?vfm=m_103_txsp&dcwpf0dc4=1476042903589,2016-10-10 03:55:03
/v_19rrmbbpdk,http://www.iqiyi.com/v_19rrmbbpdk.html,2016-10-10 22:05:21
/v_19rrmbbpdk,http://www.iqiyi.com/v_19rrmbbpdk.html,2016-10-10 00:22:11
/v_19rrmbbpdk,http://www.iqiyi.com/v_19rrmbbpdk.html,2016-10-10 08:17:36
/v_19rrmbbpdk,http://www.iqiyi.com/v_19rrmbbpdk.html?dcwpf0dc4=1476030169192,2016-10-10 00:22:48
/v_19rrmbr34s,http://www.iqiyi.com/v_19rrmbr34s.html?fv=231266091bd4f75c135c909d74aea8a9,2016-10-10 00:22:32
/v_19rrmbt4do,http://www.iqiyi.com/v_19rrmbt4do.html?vfm=f_191_360y,2016-10-10 23:21:05
/v_19rrmbt4do,http://www.iqiyi.com/v_19rrmbt4do.html?vfm=f_191_360y,2016-10-10 23:21:06
/v_19rrmbx5hc,http://www.iqiyi.com/v_19rrmbx5hc.html?msrc=3_28_53&bfversion=4.1.5&dcwpf0dc4=1476120299339,2016-10-10 23:21:11
/v_19rrmdf950,http://www.iqiyi.com/v_19rrmdf950.html,2016-10-10 01:17:53
/v_19rrmdf950,http://www.iqiyi.com/v_19rrmdf950.html?dcwpf0dc4=1476045131091,2016-10-10 04:32:11
/v_19rrmdiwuo,http://www.iqiyi.com/v_19rrmdiwuo.html?dcwpf0dc4=1476082662949,2016-10-10 14:57:43
/v_19rrmdl860,http://www.iqiyi.com/v_19rrmdl860.html,2016-10-10 23:56:55
/v_19rrme3sy0,http://www.iqiyi.com/v_19rrme3sy0.html,2016-10-10 15:09:39
/v_19rrmy70mk,http://www.iqiyi.com/v_19rrmy70mk.html?vfm=2002_2345f,2016-10-10 09:47:30
/v_19rrn26k7g,http://www.iqiyi.com/v_19rrn26k7g.html,2016-10-10 22:34:46
/v_19rrn5p61g,http://www.iqiyi.com/v_19rrn5p61g.html,2016-10-10 16:46:25
/v_19rrn6n7ig,http://www.iqiyi.com/v_19rrn6n7ig.html,2016-10-10 14:35:53
/v_19rrno60e4,http://www.iqiyi.com/v_19rrno60e4.html?vfm=f_237_qqll,2016-10-10 16:11:21
/v_19rrno60e4,http://www.iqiyi.com/v_19rrno60e4.html?vfm=f_237_qqll,2016-10-10 15:51:31
/v_19rrnryf3k,http://www.iqiyi.com/v_19rrnryf3k.html,2016-10-10 20:16:39
/v_19rrnvuqb4,http://www.iqiyi.com/v_19rrnvuqb4.html?src=frbdaldjunest,2016-10-10 20:06:30
/v_19rro24neo,http://www.iqiyi.com/v_19rro24neo.html?vfm=2002_2345f,2016-10-10 16:02:17
/v_19rro3bvqc,http://www.iqiyi.com/v_19rro3bvqc.html?msrc=3_28_53&bfversion=700100,2016-10-10 11:15:07
/v_19rro7332s,http://www.iqiyi.com/v_19rro7332s.html,2016-10-10 22:57:01
/v_19rroc2bm4,http://www.iqiyi.com/v_19rroc2bm4.html,2016-10-10 15:57:01
/v_19rrodq1gc,http://www.iqiyi.com/v_19rrodq1gc.html,2016-10-10 02:15:02
/v_19rrogtds4,http://www.iqiyi.com/v_19rrogtds4.html,2016-10-10 01:58:11
/v_19rrohimb0,http://www.iqiyi.com/v_19rrohimb0.html?msrc=3_28_53,2016-10-10 22:37:45
/v_19rrohimb0,http://www.iqiyi.com/v_19rrohimb0.html?msrc=3_28_53,2016-10-10 16:32:46
/v_19rrohimb0,http://www.iqiyi.com/v_19rrohimb0.html?msrc=3_28_53,2016-10-10 23:54:20
/v_19rrohimb0,http://www.iqiyi.com/v_19rrohimb0.html?msrc=3_28_53,2016-10-10 23:54:22
/v_19rrohimb0,http://www.iqiyi.com/v_19rrohimb0.html?msrc=3_28_53&dcwpf0dc4=1476114820417,2016-10-10 23:53:40
/v_19rrohimb0,http://www.iqiyi.com/v_19rrohimb0.html?vfm=f_237_qqll,2016-10-10 17:35:34
/v_19rrok561o,http://www.iqiyi.com/v_19rrok561o.html?msrc=3_28_53,2016-10-10 23:36:41
/v_19rrok6ifk,http://www.iqiyi.com/v_19rrok6ifk.html?msrc=3_28_53,2016-10-10 07:47:23
/v_19rrok6kuo,http://www.iqiyi.com/v_19rrok6kuo.html?msrc=3_28_53,2016-10-10 07:46:48
/v_19rrok6kuo,http://www.iqiyi.com/v_19rrok6kuo.html?msrc=3_28_53,2016-10-10 07:47:09
/v_19rrokbgc4,http://www.iqiyi.com/v_19rrokbgc4.html,2016-10-10 22:01:24
/v_19rromfg64,http://www.iqiyi.com/v_19rromfg64.html?vfm=m_103_txsp,2016-10-10 15:08:03
/v_19rromiazk,http://www.iqiyi.com/v_19rromiazk.html?vfm=m_103_txsp,2016-10-10 12:20:03
/v_19rromiazk,http://www.iqiyi.com/v_19rromiazk.html?vfm=m_103_txsp,2016-10-10 12:22:41
/w_19rqyap6vp,http://www.iqiyi.com/w_19rqyap6vp.html,2016-10-10 12:30:43
/w_19rr1qsujt,http://www.iqiyi.com/w_19rr1qsujt.html,2016-10-10 22:21:02
/w_19rr900665,http://www.iqiyi.com/w_19rr900665.html,2016-10-10 15:23:50
/w_19rruz9mhd,http://www.iqiyi.com/w_19rruz9mhd.html,2016-10-10 23:31:55
/w_19rrwreq59,http://www.iqiyi.com/w_19rrwreq59.html,2016-10-10 10:28:49
/w_19rrxeb9x5,http://www.iqiyi.com/w_19rrxeb9x5.html,2016-10-10 16:22:19
/w_19rsgptwu9,http://www.iqiyi.com/w_19rsgptwu9.html,2016-10-10 23:03:40
/w_19rsij88nl,http://www.iqiyi.com/w_19rsij88nl.html,2016-10-10 13:42:41
/w_19rsonvaed,http://www.iqiyi.com/w_19rsonvaed.html,2016-10-10 00:20:53
/w_19rsul7otp,http://www.iqiyi.com/w_19rsul7otp.html,2016-10-10 09:10:37
/w_19rswv6iod,http://www.iqiyi.com/w_19rswv6iod.html,2016-10-10 00:13:31
/w_19rswv6iod,http://www.iqiyi.com/w_19rswv6iod.html,2016-10-10 18:38:44
/w_19rswv6iod,http://www.iqiyi.com/w_19rswv6iod.html,2016-10-10 15:36:17
/w_19rswv6iod,http://www.iqiyi.com/w_19rswv6iod.html,2016-10-10 10:14:42
/w_19rswv6iod,http://www.iqiyi.com/w_19rswv6iod.html,2016-10-10 10:45:28
/w_19rt1nwz4h,http://www.iqiyi.com/w_19rt1nwz4h.html,2016-10-10 22:58:48
/w_19rt5722ht,http://www.iqiyi.com/w_19rt5722ht.html,2016-10-10 14:32:22
/w_19rt7t1zs1,http://www.iqiyi.com/w_19rt7t1zs1.html,2016-10-10 19:29:37
/w_19rt7t1zs1,http://www.iqiyi.com/w_19rt7t1zs1.html,2016-10-10 19:29:31
/w_19rt7udn9x,http://www.iqiyi.com/w_19rt7udn9x.html?qr=page&Code_type=3&Fromtype=27&Subtype=4&category_id=5&id=5095474809&tvid=5095474809&progress=46,2016-10-10 16:44:34
/w_19rtgl5w55,http://www.iqiyi.com/w_19rtgl5w55.html,2016-10-10 22:58:35
/w_19rugmkdrx,http://www.iqiyi.com/w_19rugmkdrx.html?msrc=3_28_53&bfversion=620300,2016-10-10 00:45:20
/w_19rugmkdrx,http://www.iqiyi.com/w_19rugmkdrx.html?msrc=3_28_53&bfversion=620300&dcwpf0dc4=1476031521027,2016-10-10 00:45:21
/w_19rugngvp9,http://www.iqiyi.com/w_19rugngvp9.html,2016-10-10 15:02:37
/w_19ruhksgsl,http://www.iqiyi.com/w_19ruhksgsl.html,2016-10-10 09:12:33
/w_19ruhme9cp,http://www.iqiyi.com/w_19ruhme9cp.html,2016-10-10 08:00:44
/w_19ruhmsqt9,http://www.iqiyi.com/w_19ruhmsqt9.html,2016-10-10 22:23:46
/v_19rrhcc9gw,https://www.iqiyi.com/v_19rrhcc9gw.html,2016-10-10 16:33:50
/v_19rr9fhy2o,http://m.iqiyi.com/v_19rr9fhy2o.html?list=19rrkj42ua,2016-10-10 23:09:40
/v_19rr9fo094,http://m.iqiyi.com/v_19rr9fo094.html,2016-10-10 11:11:16
/v_19rr9fu3l4,http://m.iqiyi.com/v_19rr9fu3l4.html?vfm=2008_aldbd,2016-10-10 00:40:11
/v_19rr9fudqg,http://m.iqiyi.com/v_19rr9fudqg.html,2016-10-10 23:45:23
/v_19rr9fwjm4,http://m.iqiyi.com/v_19rr9fwjm4.html,2016-10-10 15:02:00
/v_19rr9fwjm4,http://m.iqiyi.com/v_19rr9fwjm4.html,2016-10-10 18:21:26
/v_19rr9fwjm4,http://m.iqiyi.com/v_19rr9fwjm4.html?dcwpf0dc4=1476060224310,2016-10-10 08:43:45
/v_19rr9fwolk,http://m.iqiyi.com/v_19rr9fwolk.html,2016-10-10 00:17:17
/v_19rr9g334o,http://m.iqiyi.com/v_19rr9g334o.html?src=frbdaldjunest,2016-10-10 20:00:53
/v_19rr9g9q5w,http://m.iqiyi.com/v_19rr9g9q5w.html?vfm=2008_aldbd&dcwpf0dc4=1476108752564,2016-10-10 22:12:31
/v_19rr9g9vzk,http://m.iqiyi.com/v_19rr9g9vzk.html,2016-10-10 20:26:07
/v_19rr9g9vzk,http://m.iqiyi.com/v_19rr9g9vzk.html,2016-10-10 22:39:55
/v_19rr9g9vzk,http://m.iqiyi.com/v_19rr9g9vzk.html?vfm=f_191_360y&fv=p_09_01,2016-10-10 23:08:42
/v_19rr9gf5j0,http://m.iqiyi.com/v_19rr9gf5j0.html,2016-10-10 00:27:52
/v_19rr9gi5k4,http://m.iqiyi.com/v_19rr9gi5k4.html,2016-10-10 14:10:20
/v_19rr9gi5k4,http://m.iqiyi.com/v_19rr9gi5k4.html,2016-10-10 21:07:05
/v_19rr9gi5k4,http://m.iqiyi.com/v_19rr9gi5k4.html?dcwpf0dc4=1476088713150,2016-10-10 16:38:34
/v_19rr9gi5k4,http://m.iqiyi.com/v_19rr9gi5k4.html?key=5d2157eabcea7a5a82c0ca8975063d43&msrc=3_31_56&aid=203199301&tvid=543840200&cid=2&identifier=weixinv1&ftype=27&subtype=1&vip_pc=0&vip_tpc=0&from=timeline&isappinstalled=0,2016-10-10 16:27:20
/v_19rr9gik5w,http://m.iqiyi.com/v_19rr9gik5w.html,2016-10-10 23:17:48
/v_19rr9gik5w,http://m.iqiyi.com/v_19rr9gik5w.html,2016-10-10 22:36:06
/v_19rr9gpyos,http://m.iqiyi.com/v_19rr9gpyos.html,2016-10-10 22:14:17
/v_19rr9gqa2c,http://m.iqiyi.com/v_19rr9gqa2c.html?vfm=m_172_alyo&dcwpf0dc4=1476072037151,2016-10-10 12:00:36
/v_19rr9h96ws,http://m.iqiyi.com/v_19rr9h96ws.html,2016-10-10 23:40:54
/v_19rr9hbhtg,http://m.iqiyi.com/v_19rr9hbhtg.html?vfm=2008_aldbd,2016-10-10 09:37:01
/v_19rr9hjijs,http://m.iqiyi.com/v_19rr9hjijs.html,2016-10-10 06:46:54
/v_19rr9homzg,http://m.iqiyi.com/v_19rr9homzg.html,2016-10-10 19:46:40
/v_19rr9i2qss,http://m.iqiyi.com/v_19rr9i2qss.html,2016-10-10 11:18:59
/v_19rr9i5evg,http://m.iqiyi.com/v_19rr9i5evg.html,2016-10-10 07:19:04
/v_19rr9iedos,http://m.iqiyi.com/v_19rr9iedos.html,2016-10-10 22:34:30
/v_19rr9igq6k,http://m.iqiyi.com/v_19rr9igq6k.html,2016-10-10 22:49:54
/v_19rr9im5qg,http://m.iqiyi.com/v_19rr9im5qg.html,2016-10-10 00:11:57
/v_19rr9ioj2s,http://m.iqiyi.com/v_19rr9ioj2s.html?vfm=2008_aldbd,2016-10-10 08:29:12
/v_19rr9irzms,http://m.iqiyi.com/v_19rr9irzms.html?vfm=2008_aldbd,2016-10-10 20:50:55
/v_19rr9jeweg,http://m.iqiyi.com/v_19rr9jeweg.html,2016-10-10 19:15:51
/v_19rr9jeweg,http://m.iqiyi.com/v_19rr9jeweg.html,2016-10-10 19:19:42
/v_19rr9k3pbw,http://m.iqiyi.com/v_19rr9k3pbw.html?vfm=2008_aldbd,2016-10-10 23:40:04
/v_19rr9mbssw,http://m.iqiyi.com/v_19rr9mbssw.html?list=19rrksmrg2,2016-10-10 22:07:05
/v_19rr9mcu7c,http://m.iqiyi.com/v_19rr9mcu7c.html?key=200432022f312e78573e36fdeee5d692&msrc=3_31_56&aid=549472900&tvid=549472900&cid=25&identifier=weixinv1&ftype=27&subtype=1&vip_pc=0&vip_tpc=0&p1=2_22_222&social_platform=wechat_friend&from=groupmessage&isappinstalled=0,2016-10-10 18:21:38
/v_19rr9mzj78,http://m.iqiyi.com/v_19rr9mzj78.html,2016-10-10 01:20:32
/v_19rr9mzj78,http://m.iqiyi.com/v_19rr9mzj78.html,2016-10-10 01:15:21
/v_19rr9n1brk,http://m.iqiyi.com/v_19rr9n1brk.html?src=frbdaldjunest,2016-10-10 20:13:18
/v_19rr9n1o2g,http://m.iqiyi.com/v_19rr9n1o2g.html?dcwpf0dc4=1476071020517,2016-10-10 11:43:40
/v_19rr9n24hc,http://m.iqiyi.com/v_19rr9n24hc.html?vfm=m_227_sgdh&fromvsogou=1,2016-10-10 01:48:04
/v_19rr9n28xc,http://m.iqiyi.com/v_19rr9n28xc.html,2016-10-10 14:21:39
/v_19rr9n4blc,http://m.iqiyi.com/v_19rr9n4blc.html,2016-10-10 22:11:30
/v_19rr9n4dqg,http://m.iqiyi.com/v_19rr9n4dqg.html,2016-10-10 20:53:12
/v_19rr9n4jh0,http://m.iqiyi.com/v_19rr9n4jh0.html?vfm=f_237_qqll,2016-10-10 01:18:05
/v_19rr9n4jh0,http://m.iqiyi.com/v_19rr9n4jh0.html?vfm=m_103_txsp,2016-10-10 22:23:05
/v_19rr9n4lco,http://m.iqiyi.com/v_19rr9n4lco.html,2016-10-10 04:39:36
/v_19rr9n4p8c,http://m.iqiyi.com/v_19rr9n4p8c.html?src=sharemodclk131212,2016-10-10 23:08:44
/v_19rr9n4ruw,http://m.iqiyi.com/v_19rr9n4ruw.html,2016-10-10 00:58:54
/v_19rr9n817g,http://m.iqiyi.com/v_19rr9n817g.html?wx_uid1=qyidABE64545-FFC8-461F-92BD-97AD15AD0DC6&wx_uid2=wxidoG0a9jo_lPYdqlwTXD91ydJvvXLQ,2016-10-10 15:00:15
/v_19rr9n8hrc,http://m.iqiyi.com/v_19rr9n8hrc.html?vfm=m_176_ydzx,2016-10-10 22:58:15
/v_19rr9n8nnc,http://m.iqiyi.com/v_19rr9n8nnc.html?msrc=3_28_53,2016-10-10 20:35:43
/v_19rr9n8nnc,http://m.iqiyi.com/v_19rr9n8nnc.html?msrc=3_28_53&bfversion=5.0.1,2016-10-10 04:13:33
/v_19rr9n8nnc,http://m.iqiyi.com/v_19rr9n8nnc.html?vfm=2008_aldbd,2016-10-10 00:58:55
/v_19rr9n8nnc,http://m.iqiyi.com/v_19rr9n8nnc.html?vfm=m_247_ucll,2016-10-10 21:37:46
/v_19rr9n93y8,http://m.iqiyi.com/v_19rr9n93y8.html,2016-10-10 21:45:03
/v_19rr9n9684,http://m.iqiyi.com/v_19rr9n9684.html?vfm=2008_aldbd,2016-10-10 23:03:55
/v_19rr9n9j58,http://m.iqiyi.com/v_19rr9n9j58.html?vfm=2008_aldbd,2016-10-10 22:54:01
/v_19rr9n9tyw,http://m.iqiyi.com/v_19rr9n9tyw.html,2016-10-10 21:47:46
/v_19rr9n9x4k,http://m.iqiyi.com/v_19rr9n9x4k.html,2016-10-10 23:04:54
/v_19rr9nbpus,http://m.iqiyi.com/v_19rr9nbpus.html?vfm=m_172_alyo,2016-10-10 07:34:45
/v_19rr9nbuqo,http://m.iqiyi.com/v_19rr9nbuqo.html,2016-10-10 12:21:46
/v_19rr9nbw10,http://m.iqiyi.com/v_19rr9nbw10.html,2016-10-10 10:40:51
/v_19rr9nd760,http://m.iqiyi.com/v_19rr9nd760.html,2016-10-10 21:01:31
/v_19rr9nd8xs,http://m.iqiyi.com/v_19rr9nd8xs.html?vfm=2008_aldbd&dcwpf0dc4=1476094665600,2016-10-10 18:17:46
/v_19rr9nd9ug,http://m.iqiyi.com/v_19rr9nd9ug.html,2016-10-10 12:25:38
/v_19rr9ndu9s,http://m.iqiyi.com/v_19rr9ndu9s.html,2016-10-10 23:22:49
/v_19rr9ne3u0,http://m.iqiyi.com/v_19rr9ne3u0.html?vfm=2008_aldbd,2016-10-10 08:43:33
/v_19rr9ne3u0,http://m.iqiyi.com/v_19rr9ne3u0.html?vfm=2008_aldbd&dcwpf0dc4=1476073273534,2016-10-10 12:21:13
/v_19rr9ne5a0,http://m.iqiyi.com/v_19rr9ne5a0.html,2016-10-10 15:59:11
/v_19rr9ne5a0,http://m.iqiyi.com/v_19rr9ne5a0.html,2016-10-10 21:09:36
/v_19rr9ne5a0,http://m.iqiyi.com/v_19rr9ne5a0.html,2016-10-10 16:46:19
/v_19rr9ne5a0,http://m.iqiyi.com/v_19rr9ne5a0.html?dcwpf0dc4=1476086354539,2016-10-10 15:59:11
/v_19rr9ney1c,http://m.iqiyi.com/v_19rr9ney1c.html?dcwpf0dc4=1476107873935,2016-10-10 21:57:36
/v_19rr9nfblk,http://m.iqiyi.com/v_19rr9nfblk.html?vfm=m_333_ry&dcwpf0dc4=1476113753330,2016-10-10 23:35:50
/v_19rr9ng4l8,http://m.iqiyi.com/v_19rr9ng4l8.html,2016-10-10 10:58:16
/v_19rr9ng7qw,http://m.iqiyi.com/v_19rr9ng7qw.html?dcwpf0dc4=1476083440584,2016-10-10 15:10:24
/v_19rr9nhmkk,http://m.iqiyi.com/v_19rr9nhmkk.html?dummy=&wx_uid1=wxidoG0a9jsZ6o0kQo5Qlzi14OM2EEqs&wx_uid2=wxidoG0a9jszd-KMXYNQY3i6nXM0goGw,2016-10-10 19:46:47
/v_19rr9nhwao,http://m.iqiyi.com/v_19rr9nhwao.html,2016-10-10 21:07:54
/v_19rr9njx9o,http://m.iqiyi.com/v_19rr9njx9o.html?vfm=m_172_alyo,2016-10-10 15:21:13
/v_19rr9nlt0c,http://m.iqiyi.com/v_19rr9nlt0c.html,2016-10-10 02:14:48
/v_19rr9nlt0c,http://m.iqiyi.com/v_19rr9nlt0c.html?dcwpf0dc4=1476036886872,2016-10-10 02:14:47
/v_19rr9nnzm8,http://m.iqiyi.com/v_19rr9nnzm8.html,2016-10-10 18:23:45
/v_19rr9nnzm8,http://m.iqiyi.com/v_19rr9nnzm8.html,2016-10-10 14:25:58
/v_19rr9no0g8,http://m.iqiyi.com/v_19rr9no0g8.html,2016-10-10 16:36:44
/v_19rr9no568,http://m.iqiyi.com/v_19rr9no568.html,2016-10-10 07:30:39
/v_19rr9no568,http://m.iqiyi.com/v_19rr9no568.html,2016-10-10 00:34:37
/v_19rr9npvzk,http://m.iqiyi.com/v_19rr9npvzk.html,2016-10-10 12:15:08
/v_19rr9nq1o0,http://m.iqiyi.com/v_19rr9nq1o0.html?vfm=2008_aldbd&dcwpf0dc4=1476030304126,2016-10-10 00:25:04
/v_19rr9nq8es,http://m.iqiyi.com/v_19rr9nq8es.html?vfm=2008_aldbd,2016-10-10 13:47:44
/v_19rr9nqdak,http://m.iqiyi.com/v_19rr9nqdak.html,2016-10-10 20:56:39
/v_19rr9ns4e8,http://m.iqiyi.com/v_19rr9ns4e8.html?key=20232202d774247f32bb7b36480500a1&msrc=3_31_56&aid=547673900&tvid=547673900&cid=31&identifier=weixinv1&ftype=27&subtype=1&vip_pc=0&vip_tpc=0&p1=2_22_222&social_platform=wechat_circle&from=timeline&isappinstalled=1,2016-10-10 18:23:27
/v_19rr9nsim4,http://m.iqiyi.com/v_19rr9nsim4.html,2016-10-10 21:05:33
/v_19rr9nt2p8,http://m.iqiyi.com/v_19rr9nt2p8.html,2016-10-10 04:32:40
/v_19rr9nt2p8,http://m.iqiyi.com/v_19rr9nt2p8.html,2016-10-10 01:16:02
/v_19rr9nt2p8,http://m.iqiyi.com/v_19rr9nt2p8.html,2016-10-10 23:07:56
/v_19rr9nthuw,http://m.iqiyi.com/v_19rr9nthuw.html,2016-10-10 18:59:23
/v_19rr9nvers,http://m.iqiyi.com/v_19rr9nvers.html,2016-10-10 16:13:52
/v_19rr9nw2vg,http://m.iqiyi.com/v_19rr9nw2vg.html,2016-10-10 00:09:50
/v_19rr9nwagk,http://m.iqiyi.com/v_19rr9nwagk.html?vfm=f_237_qqll,2016-10-10 21:18:48
/v_19rr9nxidg,http://m.iqiyi.com/v_19rr9nxidg.html,2016-10-10 21:51:47
/v_19rr9o1bp4,http://m.iqiyi.com/v_19rr9o1bp4.html?vfm=m_176_ydzx&yidian_docid=V_00T3PSpe&yidian_s=mb,2016-10-10 12:06:33
/v_19rr9o3t58,http://m.iqiyi.com/v_19rr9o3t58.html?key=69842642483add0a63503306d63f0443&msrc=3_31_56&aid=548365600&tvid=548365600&cid=6&identifier=weixinv1&ftype=27&subtype=1&vip_pc=0&vip_tpc=0&from=message&isappinstalled=0,2016-10-10 15:07:54
/v_19rr9o3xqc,http://m.iqiyi.com/v_19rr9o3xqc.html,2016-10-10 09:11:20
/v_19rr9o42b8,http://m.iqiyi.com/v_19rr9o42b8.html,2016-10-10 16:18:37
/v_19rr9o42b8,http://m.iqiyi.com/v_19rr9o42b8.html?vfm=2008_aldbd,2016-10-10 22:02:39
/v_19rr9o6cq0,http://m.iqiyi.com/v_19rr9o6cq0.html?vfm=f_237_qqll,2016-10-10 00:08:43
/v_19rr9o75pg,http://m.iqiyi.com/v_19rr9o75pg.html?vfm=m_227_sgdh&fromvsogou=1,2016-10-10 09:53:07
/v_19rr9o7vvc,http://m.iqiyi.com/v_19rr9o7vvc.html,2016-10-10 15:45:12
/v_19rr9oa83o,http://m.iqiyi.com/v_19rr9oa83o.html,2016-10-10 10:57:28
/v_19rr9obrso,http://m.iqiyi.com/v_19rr9obrso.html,2016-10-10 07:07:26
/v_19rr9obyxo,http://m.iqiyi.com/v_19rr9obyxo.html?vfm=2008_aldbd,2016-10-10 21:35:59
/v_19rr9odkp0,http://m.iqiyi.com/v_19rr9odkp0.html,2016-10-10 08:17:58
/v_19rr9ojuqo,http://m.iqiyi.com/v_19rr9ojuqo.html?vfm=2008_aldbd,2016-10-10 16:54:31
/v_19rr9ojuqo,http://m.iqiyi.com/v_19rr9ojuqo.html?vfm=2008_aldbd&dcwpf0dc4=1476100618472,2016-10-10 19:56:58
/v_19rr9okesk,http://m.iqiyi.com/v_19rr9okesk.html,2016-10-10 22:01:45
/v_19rr9okesk,http://m.iqiyi.com/v_19rr9okesk.html,2016-10-10 13:29:43
/v_19rr9olohg,http://m.iqiyi.com/v_19rr9olohg.html,2016-10-10 07:26:44
/v_19rr9om7sg,http://m.iqiyi.com/v_19rr9om7sg.html?dummy=&from=timeline&isappinstalled=0&wx_uid2=wxidoG0a9jkgk-iiQbOQtcaLR6RZ2PQY,2016-10-10 23:53:27
/v_19rr9oqa68,http://m.iqiyi.com/v_19rr9oqa68.html,2016-10-10 22:25:11
/v_19rr9p1qcg,http://m.iqiyi.com/v_19rr9p1qcg.html?vfm=2008_aldbd,2016-10-10 03:15:43
/v_19rr9pe8i8,http://m.iqiyi.com/v_19rr9pe8i8.html?vfm=2008_aldbd,2016-10-10 13:23:32
/v_19rr9peork,http://m.iqiyi.com/v_19rr9peork.html,2016-10-10 15:02:52
/v_19rrh123bk,http://m.iqiyi.com/v_19rrh123bk.html,2016-10-10 18:37:21
/v_19rrh1al68,http://m.iqiyi.com/v_19rrh1al68.html,2016-10-10 00:07:09
/v_19rrh1r18v,http://m.iqiyi.com/v_19rrh1r18v.html,2016-10-10 11:41:21
/v_19rrh1r1zf,http://m.iqiyi.com/v_19rrh1r1zf.html?from=timeline&isappinstalled=0,2016-10-10 14:19:57
/v_19rrh44ktg,http://m.iqiyi.com/v_19rrh44ktg.html,2016-10-10 15:47:45
/v_19rrh63uz0,http://m.iqiyi.com/v_19rrh63uz0.html?vfm=2008_aldbd,2016-10-10 17:32:25
/v_19rrh6ex7c,http://m.iqiyi.com/v_19rrh6ex7c.html,2016-10-10 16:11:36
/v_19rrh6u95g,http://m.iqiyi.com/v_19rrh6u95g.html,2016-10-10 12:38:38
/v_19rrh73s1o,http://m.iqiyi.com/v_19rrh73s1o.html?msrc=3_28_53&bfversion=700100,2016-10-10 11:03:21
/v_19rrh780es,http://m.iqiyi.com/v_19rrh780es.html,2016-10-10 00:22:48
/v_19rrh7tj6c,http://m.iqiyi.com/v_19rrh7tj6c.html,2016-10-10 02:19:42
/v_19rrh84tgg,http://m.iqiyi.com/v_19rrh84tgg.html,2016-10-10 07:17:39
/v_19rrhbxu94,http://m.iqiyi.com/v_19rrhbxu94.html,2016-10-10 19:55:41
/v_19rrhcfr1v,http://m.iqiyi.com/v_19rrhcfr1v.html,2016-10-10 01:06:45
/v_19rrheiqxs,http://m.iqiyi.com/v_19rrheiqxs.html,2016-10-10 07:10:29
/v_19rrheuh7k,http://m.iqiyi.com/v_19rrheuh7k.html?vfm=f_237_qqll,2016-10-10 18:29:38
/v_19rrhf07kc,http://m.iqiyi.com/v_19rrhf07kc.html,2016-10-10 19:50:58
/v_19rrhf35a8,http://m.iqiyi.com/v_19rrhf35a8.html?vfm=f_237_qqll,2016-10-10 22:51:23
/v_19rrhgm9p4,http://m.iqiyi.com/v_19rrhgm9p4.html,2016-10-10 21:58:08
/v_19rrhgn4ig,http://m.iqiyi.com/v_19rrhgn4ig.html?fc=b32f13b5d91e9307&msrc=3_28_53&bfversion=620300,2016-10-10 12:11:18
/v_19rrhgn4ig,http://m.iqiyi.com/v_19rrhgn4ig.html?fc=b32f13b5d91e9307&msrc=3_28_53&bfversion=620300&dcwpf0dc4=1476069871692,2016-10-10 11:24:32
/v_19rrhillm0,http://m.iqiyi.com/v_19rrhillm0.html?vfm=m_103_txsp,2016-10-10 23:30:40
/v_19rrhillm0,http://m.iqiyi.com/v_19rrhillm0.html?vfm=m_103_txsp,2016-10-10 23:30:39
/v_19rrhilvfo,http://m.iqiyi.com/v_19rrhilvfo.html?vfm=m_103_txsp,2016-10-10 21:06:40
/v_19rrhilwqk,http://m.iqiyi.com/v_19rrhilwqk.html?vfm=m_103_txsp,2016-10-10 20:32:37
/v_19rrhj1png,http://m.iqiyi.com/v_19rrhj1png.html?msrc=3_28_53&bfversion=5.0.0,2016-10-10 23:40:34
/v_19rrhl4urg,http://m.iqiyi.com/v_19rrhl4urg.html,2016-10-10 03:24:50
/v_19rrhlcwyo,http://m.iqiyi.com/v_19rrhlcwyo.html?key=497e5c296ca7ff592f821e933523f96a&msrc=3_31_56&aid=256903900&tvid=256903900&cid=31&identifier=weixinv1&ftype=27&subtype=1&vip_pc=0&vip_tpc=0&p1=2_22_222&social_platform=wechat_friend&from=message&isappinstalled=1&wx_uid2=wxidoG0a9jqQrY4BTZ14es7OLP3hdE4M,2016-10-10 22:26:19
/v_19rrhnj94o,http://m.iqiyi.com/v_19rrhnj94o.html,2016-10-10 19:29:31
/v_19rrhnq2og,http://m.iqiyi.com/v_19rrhnq2og.html,2016-10-10 14:40:46
/v_19rrho32zk,http://m.iqiyi.com/v_19rrho32zk.html?msrc=6_55_97,2016-10-10 23:29:37
/v_19rrhoght4,http://m.iqiyi.com/v_19rrhoght4.html,2016-10-10 00:29:12
/v_19rrhu8ohg,http://m.iqiyi.com/v_19rrhu8ohg.html,2016-10-10 00:42:43
/v_19rrhwsly8,http://m.iqiyi.com/v_19rrhwsly8.html,2016-10-10 12:12:03
/v_19rrhxx5lg,http://m.iqiyi.com/v_19rrhxx5lg.html?vfm=m_127_bdbk,2016-10-10 23:10:36
/v_19rrhy3skk,http://m.iqiyi.com/v_19rrhy3skk.html,2016-10-10 11:29:38
/v_19rri0zlb0,http://m.iqiyi.com/v_19rri0zlb0.html?list=19rro53bre,2016-10-10 23:47:07
/v_19rri0zlb0,http://m.iqiyi.com/v_19rri0zlb0.html?list=19rro53bre&dcwpf0dc4=1476109690466,2016-10-10 22:28:11
/v_19rriflzjm,http://m.iqiyi.com/v_19rriflzjm.html?vfm=2008_aldbd,2016-10-10 18:28:20
/v_19rrifuduo,http://m.iqiyi.com/v_19rrifuduo.html?share_sTime=0-share_eTime=431,2016-10-10 11:11:59
/v_19rrifuf4f,http://m.iqiyi.com/v_19rrifuf4f.html,2016-10-10 16:59:08
/v_19rrifuf56,http://m.iqiyi.com/v_19rrifuf56.html,2016-10-10 16:26:31
/v_19rrifv0lm,http://m.iqiyi.com/v_19rrifv0lm.html,2016-10-10 18:16:49
/v_19rrifvwib,http://m.iqiyi.com/v_19rrifvwib.html,2016-10-10 02:29:08
/v_19rrk9p76o,http://m.iqiyi.com/v_19rrk9p76o.html,2016-10-10 10:38:54
/v_19rrk9ucsg,http://m.iqiyi.com/v_19rrk9ucsg.html,2016-10-10 22:16:25
/v_19rrk9zcx0,http://m.iqiyi.com/v_19rrk9zcx0.html,2016-10-10 09:32:35
/v_19rrka44nk,http://m.iqiyi.com/v_19rrka44nk.html?from=groupmessage&isappinstalled=0,2016-10-10 11:33:09
/v_19rrkbudr8,http://m.iqiyi.com/v_19rrkbudr8.html?vfm=m_247_ucll,2016-10-10 09:43:05
/v_19rrkbudr8,http://m.iqiyi.com/v_19rrkbudr8.html?vfm=m_247_ucll,2016-10-10 09:42:16
/v_19rrke3x3o,http://m.iqiyi.com/v_19rrke3x3o.html,2016-10-10 22:05:36
/v_19rrke7nb4,http://m.iqiyi.com/v_19rrke7nb4.html,2016-10-10 22:46:57
/v_19rrke7nb4,http://m.iqiyi.com/v_19rrke7nb4.html,2016-10-10 22:47:28
/v_19rrkf0agg,http://m.iqiyi.com/v_19rrkf0agg.html,2016-10-10 23:29:39
/v_19rrkf6b9s,http://m.iqiyi.com/v_19rrkf6b9s.html?vfm=2008_aldbd&fc=828fb30b722f3164&fv=p_02_01,2016-10-10 15:13:03
/v_19rrkf8byc,http://m.iqiyi.com/v_19rrkf8byc.html,2016-10-10 22:52:14
/v_19rrkhekn0,http://m.iqiyi.com/v_19rrkhekn0.html?list=19rrocu85i,2016-10-10 23:37:05
/v_19rrkige88,http://m.iqiyi.com/v_19rrkige88.html?key=5d2157eabcea7a5a82c0ca8975063d43&msrc=3_31_56&aid=203346801&tvid=428038500&cid=12&identifier=weixinv1&ftype=27&subtype=1&vip_pc=0&vip_tpc=0&p1=2_22_222&social_platform=qq_friend,2016-10-10 13:10:05
/v_19rrkige88,http://m.iqiyi.com/v_19rrkige88.html?key=5d2157eabcea7a5a82c0ca8975063d43&msrc=3_31_56&aid=203346801&tvid=428038500&cid=12&identifier=weixinv1&ftype=27&subtype=1&vip_pc=0&vip_tpc=0&p1=2_22_222&social_platform=qq_friend,2016-10-10 13:10:04
/v_19rrkige88,http://m.iqiyi.com/v_19rrkige88.html?key=5d2157eabcea7a5a82c0ca8975063d43&msrc=3_31_56&aid=203346801&tvid=428038500&cid=12&identifier=weixinv1&ftype=27&subtype=1&vip_pc=0&vip_tpc=0&p1=2_22_222&social_platform=qq_friend,2016-10-10 13:17:18
/v_19rrkj15m0,http://m.iqiyi.com/v_19rrkj15m0.html?vfm=m_103_txsp&dcwpf0dc4=1476029038478,2016-10-10 00:03:59
/v_19rrkm8lno,http://m.iqiyi.com/v_19rrkm8lno.html?vfm=2008_aldbd,2016-10-10 14:18:05
/v_19rrkqhmto,http://m.iqiyi.com/v_19rrkqhmto.html,2016-10-10 00:41:55
/v_19rrkqzon4,http://m.iqiyi.com/v_19rrkqzon4.html,2016-10-10 11:59:45
/v_19rrkt424g,http://m.iqiyi.com/v_19rrkt424g.html,2016-10-10 16:45:09
/v_19rrktvnfo,http://m.iqiyi.com/v_19rrktvnfo.html?vfm=m_247_ucll&playall=,2016-10-10 23:16:17
/v_19rrkv7fxs,http://m.iqiyi.com/v_19rrkv7fxs.html?key=456ddd1ff52a6089c7e3f806d609520d&msrc=3_31_56&aid=457731100&tvid=457731100&cid=10&vid=65c0eb887b602d053a84ddfa0052ea5c&identifier=weixinv1&ftype=27&subtype=1&vip_pc=0&vip_tpc=0&from=timeline&isappinstalled=0,2016-10-10 17:17:39
/v_19rrkv98fw,http://m.iqiyi.com/v_19rrkv98fw.html?fc=87451bff3f7d2f4a,2016-10-10 08:02:23
/v_19rrkv98fw,http://m.iqiyi.com/v_19rrkv98fw.html?fc=87451bff3f7d2f4a,2016-10-10 18:30:26
/v_19rrkvgdbc,http://m.iqiyi.com/v_19rrkvgdbc.html,2016-10-10 07:45:42
/v_19rrkw5vnw,http://m.iqiyi.com/v_19rrkw5vnw.html?vfm=f_191_360y,2016-10-10 23:18:28
/v_19rrkx5jdk,http://m.iqiyi.com/v_19rrkx5jdk.html?key=19c3b51c45dbacd9fce1b4054f9a8ed8&msrc=3_31_56&aid=454792500&tvid=454792500&cid=22&identifier=weixinv1&ftype=27&subtype=1&vip_pc=0&vip_tpc=0&from=timeline&isappinstalled=1,2016-10-10 14:06:55
/v_19rrkxmiss,http://m.iqiyi.com/v_19rrkxmiss.html?dcwpf0dc4=1476076363156,2016-10-10 13:12:44
/v_19rrkxmiss,http://m.iqiyi.com/v_19rrkxmiss.html?vfm=2008_aldbd&dcwpf0dc4=1476076412416,2016-10-10 13:13:32
/v_19rrkxmiss,http://m.iqiyi.com/v_19rrkxmiss.html?vfm=2008_aldbd&dcwpf0dc4=1476076428521,2016-10-10 13:13:49
/v_19rrkyvef4,http://m.iqiyi.com/v_19rrkyvef4.html?vfm=bdvtx&frp=v.baidu.com%2Fmovie_intro%2F&kwid=120619,2016-10-10 00:35:53
/v_19rrkz8qro,http://m.iqiyi.com/v_19rrkz8qro.html?msrc=6_55_97&bd_from_id=wise&bd_ref_id=light_null&bd_channel_id=light_null&bd_sub_page=wz_comic_series&bd_source_light=1877023&dcwpf0dc4=1476107561907,2016-10-10 21:52:41
/v_19rrl0274k,http://m.iqiyi.com/v_19rrl0274k.html?vfm=m_247_ucll,2016-10-10 10:00:46
/v_19rrl0axl4,http://m.iqiyi.com/v_19rrl0axl4.html?vfm=2008_aldbd,2016-10-10 14:24:50
/v_19rrl0axl4,http://m.iqiyi.com/v_19rrl0axl4.html?vfm=m_247_ucll,2016-10-10 10:00:43
/v_19rrl3o3jk,http://m.iqiyi.com/v_19rrl3o3jk.html?vfm=2008_aldbd,2016-10-10 15:39:57
/v_19rrl48ixc,http://m.iqiyi.com/v_19rrl48ixc.html,2016-10-10 14:36:48
/v_19rrl55efk,http://m.iqiyi.com/v_19rrl55efk.html?vfm=2008_aldbd,2016-10-10 15:55:26
/v_19rrl55efk,http://m.iqiyi.com/v_19rrl55efk.html?vfm=2008_aldbd,2016-10-10 14:46:26
/v_19rrl55efk,http://m.iqiyi.com/v_19rrl55efk.html?vfm=2008_aldbd,2016-10-10 14:48:39
/v_19rrl76oic,http://m.iqiyi.com/v_19rrl76oic.html?key=f6517a128baf3f9115f82ec5a2c96055&msrc=3_31_56&aid=202992801&tvid=438135800&cid=4&vid=a2dfbcf593291c456bda1fcef8f4d581&identifier=weixinv1&ftype=27&subtype=1&vip_pc=0&vip_tpc=0&from=timeline&isappinstalled=0,2016-10-10 16:54:45
/v_19rrl9ga1w,http://m.iqiyi.com/v_19rrl9ga1w.html?vfm=m_141_xmsp&fv=h_03_02,2016-10-10 01:28:49
/v_19rrl9ga1w,http://m.iqiyi.com/v_19rrl9ga1w.html?vfm=m_141_xmsp&fv=h_03_02&dcwpf0dc4=1476104023676,2016-10-10 20:53:30
/v_19rrl9ga1w,http://m.iqiyi.com/v_19rrl9ga1w.html?vfm=m_141_xmsp&fv=h_03_02&dcwpf0dc4=1476104388762,2016-10-10 20:59:48
/v_19rrla3bl4,http://m.iqiyi.com/v_19rrla3bl4.html?dcwpf0dc4=1476111230140,2016-10-10 22:53:49
/v_19rrlakqbc,http://m.iqiyi.com/v_19rrlakqbc.html?vfm=m_103_txsp,2016-10-10 09:11:31
/v_19rrlan7c0,http://m.iqiyi.com/v_19rrlan7c0.html?vfm=2008_aldbd&dcwpf0dc4=1476079047240,2016-10-10 13:57:27
/v_19rrlan7c0,http://m.iqiyi.com/v_19rrlan7c0.html?vfm=2008_aldbd&dcwpf0dc4=1476082492884,2016-10-10 14:54:53
/v_19rrlanomk,http://m.iqiyi.com/v_19rrlanomk.html?vfm=2008_aldbd,2016-10-10 21:21:43
/v_19rrlaoa2c,http://m.iqiyi.com/v_19rrlaoa2c.html?vfm=2008_aldbd,2016-10-10 12:04:33
/v_19rrlaoa2c,http://m.iqiyi.com/v_19rrlaoa2c.html?vfm=2008_aldbd&dcwpf0dc4=1476072275584,2016-10-10 12:04:33
/v_19rrlbiz8g,http://m.iqiyi.com/v_19rrlbiz8g.html?vfm=2008_aldbd&dcwpf0dc4=1476109238600,2016-10-10 22:20:37
/v_19rrlc84gk,http://m.iqiyi.com/v_19rrlc84gk.html,2016-10-10 17:06:07
/v_19rrldwb4s,http://m.iqiyi.com/v_19rrldwb4s.html?wx_uid1=qyid3A2DDA02-6B32-492B-8D6D-C79F35A9F08A&wx_uid2=wxidoG0a9jplrtO6wZEuaBYQTKh1Co0A,2016-10-10 12:32:31
/v_19rrlgsg04,http://m.iqiyi.com/v_19rrlgsg04.html?fv=3320937cf64dae37561fab09fb17f450,2016-10-10 00:25:24
/v_19rrlgsg04,http://m.iqiyi.com/v_19rrlgsg04.html?fv=3320937cf64dae37561fab09fb17f450,2016-10-10 00:43:55
/v_19rrlgsg04,http://m.iqiyi.com/v_19rrlgsg04.html?fv=3320937cf64dae37561fab09fb17f450,2016-10-10 02:35:32
/v_19rrlgsg04,http://m.iqiyi.com/v_19rrlgsg04.html?fv=3320937cf64dae37561fab09fb17f450&dcwpf0dc4=1476029245093,2016-10-10 00:07:26
/v_19rrlgsg04,http://m.iqiyi.com/v_19rrlgsg04.html?fv=3320937cf64dae37561fab09fb17f450&dcwpf0dc4=1476030812115,2016-10-10 00:33:32
/v_19rrlgsg04,http://m.iqiyi.com/v_19rrlgsg04.html?fv=3320937cf64dae37561fab09fb17f450&dcwpf0dc4=1476032122491,2016-10-10 00:55:22
/v_19rrlgsg04,http://m.iqiyi.com/v_19rrlgsg04.html?fv=3320937cf64dae37561fab09fb17f450&dcwpf0dc4=1476034392500,2016-10-10 01:33:13
/v_19rrlh3az8,http://m.iqiyi.com/v_19rrlh3az8.html?vfm=2008_aldbd,2016-10-10 17:06:15
/v_19rrli694k,http://m.iqiyi.com/v_19rrli694k.html,2016-10-10 05:03:20
/v_19rrlkh3ag,http://m.iqiyi.com/v_19rrlkh3ag.html?vfm=2008_aldbd&dcwpf0dc4=1476033932123,2016-10-10 01:25:33
/v_19rrlkjryk,http://m.iqiyi.com/v_19rrlkjryk.html?vfm=m_247_ucll&dcwpf0dc4=1476077880426,2016-10-10 13:38:00
/v_19rrlkk71k,http://m.iqiyi.com/v_19rrlkk71k.html,2016-10-10 23:58:51
/v_19rrll0l7g,http://m.iqiyi.com/v_19rrll0l7g.html,2016-10-10 19:34:23
/v_19rrll0md0,http://m.iqiyi.com/v_19rrll0md0.html,2016-10-10 19:45:36
/v_19rrll0md0,http://m.iqiyi.com/v_19rrll0md0.html,2016-10-10 19:45:52
/v_19rrll0md0,http://m.iqiyi.com/v_19rrll0md0.html,2016-10-10 19:45:52
/v_19rrll0v74,http://m.iqiyi.com/v_19rrll0v74.html?msrc=6_55_97,2016-10-10 12:03:44
/v_19rrll748g,http://m.iqiyi.com/v_19rrll748g.html,2016-10-10 22:50:34
/v_19rrlmsijw,http://m.iqiyi.com/v_19rrlmsijw.html?src=frbdaldjunest,2016-10-10 11:09:20
/v_19rrlmsijw,http://m.iqiyi.com/v_19rrlmsijw.html?src=frbdaldjunest,2016-10-10 23:43:38
/v_19rrlp4rbo,http://m.iqiyi.com/v_19rrlp4rbo.html?vfm=2008_aldbd&dcwpf0dc4=1476082961391,2016-10-10 15:02:42
/v_19rrlp9nhc,http://m.iqiyi.com/v_19rrlp9nhc.html?vfm=f_191_360y,2016-10-10 23:02:31
/v_19rrlqgiag,http://m.iqiyi.com/v_19rrlqgiag.html?vfm=m_172_alyo,2016-10-10 12:46:32
/v_19rrlukoxg,http://m.iqiyi.com/v_19rrlukoxg.html,2016-10-10 19:18:27
/v_19rrluo3zo,http://m.iqiyi.com/v_19rrluo3zo.html?vfm=2008_aldbd&dcwpf0dc4=1476104173279,2016-10-10 20:56:15
/v_19rrlvo8bg,http://m.iqiyi.com/v_19rrlvo8bg.html,2016-10-10 00:30:52
/v_19rrlvo8bg,http://m.iqiyi.com/v_19rrlvo8bg.html,2016-10-10 15:51:54
/v_19rrlvo8bg,http://m.iqiyi.com/v_19rrlvo8bg.html?vfm=2008_aldbd,2016-10-10 15:54:38
/v_19rrlxl23c,http://m.iqiyi.com/v_19rrlxl23c.html?vfm=m_176_ydzx,2016-10-10 10:29:56
/v_19rrlxu5mk,http://m.iqiyi.com/v_19rrlxu5mk.html?msrc=3_28_53,2016-10-10 18:52:53
/v_19rrlxvq0s,http://m.iqiyi.com/v_19rrlxvq0s.html,2016-10-10 06:07:23
/v_19rrly4fyk,http://m.iqiyi.com/v_19rrly4fyk.html,2016-10-10 01:24:48
/v_19rrlygrsw,http://m.iqiyi.com/v_19rrlygrsw.html,2016-10-10 20:53:41
/v_19rrlykhvc,http://m.iqiyi.com/v_19rrlykhvc.html?msrc=3_28_53,2016-10-10 08:27:24
/v_19rrlykhvc,http://m.iqiyi.com/v_19rrlykhvc.html?msrc=3_28_53,2016-10-10 08:01:12
/v_19rrlzo260,http://m.iqiyi.com/v_19rrlzo260.html?msrc=6_55_97&dcwpf0dc4=1476083810010,2016-10-10 15:16:50
/v_19rrlzo260,http://m.iqiyi.com/v_19rrlzo260.html?msrc=6_55_97&dcwpf0dc4=1476091134108,2016-10-10 17:18:55
/v_19rrlzx4w0,http://m.iqiyi.com/v_19rrlzx4w0.html,2016-10-10 07:09:44
/v_19rrm12tfc,http://m.iqiyi.com/v_19rrm12tfc.html?vfm=2008_aldbd,2016-10-10 22:04:28
/v_19rrm1oz0w,http://m.iqiyi.com/v_19rrm1oz0w.html?vfm=2008_aldbd&from=timeline&isappinstalled=0,2016-10-10 16:56:29
/v_19rrm1pvqo,http://m.iqiyi.com/v_19rrm1pvqo.html,2016-10-10 14:02:48
/v_19rrm1pyu0,http://m.iqiyi.com/v_19rrm1pyu0.html,2016-10-10 13:59:58
/v_19rrm1pyu0,http://m.iqiyi.com/v_19rrm1pyu0.html,2016-10-10 13:22:57
/v_19rrm1pyu0,http://m.iqiyi.com/v_19rrm1pyu0.html?dcwpf0dc4=1476076974711,2016-10-10 13:22:56
/v_19rrm1pyu0,http://m.iqiyi.com/v_19rrm1pyu0.html?vfm=2008_aldbd,2016-10-10 14:00:16
/v_19rrm2bthw,http://m.iqiyi.com/v_19rrm2bthw.html?vfm=2008_aldbd,2016-10-10 00:53:44
/v_19rrm37oiw,http://m.iqiyi.com/v_19rrm37oiw.html?vfm=f_245_360d&dcwpf0dc4=1476060272938,2016-10-10 08:44:36
/v_19rrm3b8ug,http://m.iqiyi.com/v_19rrm3b8ug.html?fv=96e711f6fefbbe50bbef049be0d7310b,2016-10-10 00:24:30
/v_19rrm3b8ug,http://m.iqiyi.com/v_19rrm3b8ug.html?fv=96e711f6fefbbe50bbef049be0d7310b,2016-10-10 01:51:44
/v_19rrm3ks3c,http://m.iqiyi.com/v_19rrm3ks3c.html?src=sharemodclk131212,2016-10-10 23:00:40
/v_19rrm3l9v8,http://m.iqiyi.com/v_19rrm3l9v8.html,2016-10-10 00:15:38
/v_19rrm45k2s,http://m.iqiyi.com/v_19rrm45k2s.html,2016-10-10 18:07:40
/v_19rrm45k2s,http://m.iqiyi.com/v_19rrm45k2s.html?vfm=m_247_ucll,2016-10-10 20:34:09
/v_19rrm45l44,http://m.iqiyi.com/v_19rrm45l44.html,2016-10-10 17:24:04
/v_19rrm45l44,http://m.iqiyi.com/v_19rrm45l44.html,2016-10-10 17:24:38
/v_19rrm47xu8,http://m.iqiyi.com/v_19rrm47xu8.html,2016-10-10 10:59:08
/v_19rrm47xu8,http://m.iqiyi.com/v_19rrm47xu8.html,2016-10-10 23:00:40
/v_19rrm47xu8,http://m.iqiyi.com/v_19rrm47xu8.html,2016-10-10 21:12:10
/v_19rrm47xu8,http://m.iqiyi.com/v_19rrm47xu8.html,2016-10-10 21:51:22
/v_19rrm47xu8,http://m.iqiyi.com/v_19rrm47xu8.html,2016-10-10 15:30:02
/v_19rrm47xu8,http://m.iqiyi.com/v_19rrm47xu8.html?dcwpf0dc4=1476101746941,2016-10-10 20:15:47
/v_19rrm47xu8,http://m.iqiyi.com/v_19rrm47xu8.html?vfm=2008_aldbd,2016-10-10 10:54:14
/v_19rrm47xu8,http://m.iqiyi.com/v_19rrm47xu8.html?vfm=2008_aldbd,2016-10-10 14:18:37
/v_19rrm4cw1g,http://m.iqiyi.com/v_19rrm4cw1g.html,2016-10-10 00:00:48
/v_19rrm4hylo,http://m.iqiyi.com/v_19rrm4hylo.html?vfm=2008_aldbd&dcwpf0dc4=1476065309078,2016-10-10 10:08:46
/v_19rrm4pfu8,http://m.iqiyi.com/v_19rrm4pfu8.html?from=singlemessage&isappinstalled=1&wx_uid1=wxidoG0a9jjPvBTtZTohtQ-b6Cb8ZAYY&wx_uid2=wxidoG0a9jrmWF9HgvPNe01UmGDeP0Z4,2016-10-10 12:44:21
/v_19rrm5luuc,http://m.iqiyi.com/v_19rrm5luuc.html,2016-10-10 22:10:04
/v_19rrm5luuc,http://m.iqiyi.com/v_19rrm5luuc.html,2016-10-10 22:13:05
/v_19rrm66ahc,http://m.iqiyi.com/v_19rrm66ahc.html,2016-10-10 18:52:58
/v_19rrm6idz8,http://m.iqiyi.com/v_19rrm6idz8.html,2016-10-10 22:54:26
/v_19rrm7iyq0,http://m.iqiyi.com/v_19rrm7iyq0.html,2016-10-10 23:59:51
/v_19rrm7iyq0,http://m.iqiyi.com/v_19rrm7iyq0.html,2016-10-10 23:59:58
/v_19rrm81xng,http://m.iqiyi.com/v_19rrm81xng.html,2016-10-10 03:19:43
/v_19rrm8g9v0,http://m.iqiyi.com/v_19rrm8g9v0.html?msrc=6_55_97,2016-10-10 23:09:16
/v_19rrmacgqs,http://m.iqiyi.com/v_19rrmacgqs.html,2016-10-10 20:43:24
/v_19rrmb2pnk,http://m.iqiyi.com/v_19rrmb2pnk.html?vfm=2008_aldbd,2016-10-10 17:24:25
/v_19rrmbbpdk,http://m.iqiyi.com/v_19rrmbbpdk.html?dcwpf0dc4=1476030169192,2016-10-10 00:22:49
/v_19rrmbr34s,http://m.iqiyi.com/v_19rrmbr34s.html,2016-10-10 02:35:36
/v_19rrmbt4do,http://m.iqiyi.com/v_19rrmbt4do.html?vfm=f_191_360y,2016-10-10 23:21:10
/v_19rrmbx5hc,http://m.iqiyi.com/v_19rrmbx5hc.html?msrc=3_28_53&bfversion=4.1.5,2016-10-10 23:21:12
/v_19rrmdnkqk,http://m.iqiyi.com/v_19rrmdnkqk.html?msrc=3_28_53,2016-10-10 12:05:50
/v_19rrmdnkqk,http://m.iqiyi.com/v_19rrmdnkqk.html?msrc=3_28_53&bfversion=3.3.9,2016-10-10 18:46:38
/v_19rrmf1peg,http://m.iqiyi.com/v_19rrmf1peg.html,2016-10-10 01:39:30
/v_19rrmf1peg,http://m.iqiyi.com/v_19rrmf1peg.html,2016-10-10 19:31:42
/v_19rrmf1peg,http://m.iqiyi.com/v_19rrmf1peg.html,2016-10-10 23:58:28
/v_19rrmf1peg,http://m.iqiyi.com/v_19rrmf1peg.html1002老九门第20集,2016-10-10 19:31:42
/v_19rrmfrsec,http://m.iqiyi.com/v_19rrmfrsec.html?vfm=m_141_xmsp&dcwpf0dc4=1476033974410,2016-10-10 01:26:14
/v_19rrmixf54,http://m.iqiyi.com/v_19rrmixf54.html,2016-10-10 21:14:35
/v_19rrmixqos,http://m.iqiyi.com/v_19rrmixqos.html?dcwpf0dc4=1476033620472,2016-10-10 01:20:20
/v_19rrml88tg,http://m.iqiyi.com/v_19rrml88tg.html?dcwpf0dc4=1476063829203,2016-10-10 09:43:49
/v_19rrmtqhsw,http://m.iqiyi.com/v_19rrmtqhsw.html?dcwpf0dc4=1476101761020,2016-10-10 20:16:00
/v_19rrmud5ss,http://m.iqiyi.com/v_19rrmud5ss.html,2016-10-10 08:30:26
/v_19rrmw82vw,http://m.iqiyi.com/v_19rrmw82vw.html,2016-10-10 01:33:32
/v_19rrmw82vw,http://m.iqiyi.com/v_19rrmw82vw.html,2016-10-10 01:32:28
/v_19rrn336dk,http://m.iqiyi.com/v_19rrn336dk.html?src=frbdaldjunest,2016-10-10 21:28:54
/v_19rrn3s76s,http://m.iqiyi.com/v_19rrn3s76s.html,2016-10-10 15:22:23
/v_19rrn3s76s,http://m.iqiyi.com/v_19rrn3s76s.html,2016-10-10 07:16:59
/v_19rrn5k0ic,http://m.iqiyi.com/v_19rrn5k0ic.html?vfm=m_247_ucll,2016-10-10 21:36:58
/v_19rrn7lwfk,http://m.iqiyi.com/v_19rrn7lwfk.html?vfm=m_227_sgdh&fromvsogou=1,2016-10-10 21:16:38
/v_19rrn8zu2o,http://m.iqiyi.com/v_19rrn8zu2o.html?vfm=2008_aldbd,2016-10-10 15:22:45
/v_19rrn99lh4,http://m.iqiyi.com/v_19rrn99lh4.html,2016-10-10 00:23:18
/v_19rrnax9y4,http://m.iqiyi.com/v_19rrnax9y4.html,2016-10-10 23:09:08
/v_19rrnebmpo,http://m.iqiyi.com/v_19rrnebmpo.html?vfm=2008_aldbd,2016-10-10 00:10:31
/v_19rrnl6yjo,http://m.iqiyi.com/v_19rrnl6yjo.html?from=timeline&isappinstalled=0&wx_uid2=wxidoG0a9jvSWyVNCspGEIVRg_H6jOwE,2016-10-10 14:00:48
/v_19rrnn0h7c,http://m.iqiyi.com/v_19rrnn0h7c.html,2016-10-10 03:07:43
/v_19rrno3yck,http://m.iqiyi.com/v_19rrno3yck.html?msrc=3_28_53&bfversion=620300&dcwpf0dc4=1476080956738,2016-10-10 14:29:19
/v_19rrno60e4,http://m.iqiyi.com/v_19rrno60e4.html?vfm=f_237_qqll,2016-10-10 15:51:32
/v_19rrno60e4,http://m.iqiyi.com/v_19rrno60e4.html?vfm=f_237_qqll,2016-10-10 15:51:32
/v_19rrnoa3yw,http://m.iqiyi.com/v_19rrnoa3yw.html?vfm=f_237_qqll,2016-10-10 16:01:25
/v_19rrnqbups,http://m.iqiyi.com/v_19rrnqbups.html?vfm=m_172_alyo,2016-10-10 12:57:15
/v_19rrnsp1gs,http://m.iqiyi.com/v_19rrnsp1gs.html?vfm=f_237_qqll,2016-10-10 15:47:53
/v_19rrnsy8oc,http://m.iqiyi.com/v_19rrnsy8oc.html?vfm=2008_aldbd,2016-10-10 20:15:25
/v_19rrntjvcs,http://m.iqiyi.com/v_19rrntjvcs.html,2016-10-10 20:03:16
/v_19rrntlquk,http://m.iqiyi.com/v_19rrntlquk.html?vfm=m_141_xmsp,2016-10-10 22:27:46
/v_19rrnvdp00,http://m.iqiyi.com/v_19rrnvdp00.html?vfm=2008_aldbd,2016-10-10 16:13:48
/v_19rrnvdp00,http://m.iqiyi.com/v_19rrnvdp00.html?vfm=2008_aldbd,2016-10-10 16:12:26
/v_19rrnvdp5k,http://m.iqiyi.com/v_19rrnvdp5k.html?vfm=2008_aldbd,2016-10-10 16:02:15
/v_19rrnw5zww,http://m.iqiyi.com/v_19rrnw5zww.html?vfm=2008_aldbd&dcwpf0dc4=1476028892348,2016-10-10 00:01:32
/v_19rrnwaut0,http://m.iqiyi.com/v_19rrnwaut0.html,2016-10-10 00:05:50
/v_19rrnwaut0,http://m.iqiyi.com/v_19rrnwaut0.html,2016-10-10 19:06:11
/v_19rrnwaut0,http://m.iqiyi.com/v_19rrnwaut0.html?dcwpf0dc4=1476057991720,2016-10-10 08:06:34
/v_19rrny8yd4,http://m.iqiyi.com/v_19rrny8yd4.html?vfm=2008_aldbd,2016-10-10 14:55:24
/v_19rrnz0khk,http://m.iqiyi.com/v_19rrnz0khk.html?dcwpf0dc4=1476033930615,2016-10-10 01:25:31
/v_19rrnzkhhk,http://m.iqiyi.com/v_19rrnzkhhk.html,2016-10-10 00:38:28
/v_19rro1214o,http://m.iqiyi.com/v_19rro1214o.html,2016-10-10 08:36:07
/v_19rro22c1g,http://m.iqiyi.com/v_19rro22c1g.html?vfm=2008_aldbd,2016-10-10 17:53:37
/v_19rro2zq48,http://m.iqiyi.com/v_19rro2zq48.html,2016-10-10 07:30:08
/v_19rro3quc8,http://m.iqiyi.com/v_19rro3quc8.html,2016-10-10 15:01:34
/v_19rro52zc4,http://m.iqiyi.com/v_19rro52zc4.html?list=19rrodmxii,2016-10-10 18:21:01
/v_19rro569ns,http://m.iqiyi.com/v_19rro569ns.html?vfm=2008_aldbd,2016-10-10 22:07:06
/v_19rro5b8p4,http://m.iqiyi.com/v_19rro5b8p4.html?msrc=6_55_97,2016-10-10 14:45:59
/v_19rrobq8l8,http://m.iqiyi.com/v_19rrobq8l8.html?vfm=2008_aldbd,2016-10-10 21:46:01
/v_19rrochxcc,http://m.iqiyi.com/v_19rrochxcc.html?vfm=m_247_ucll,2016-10-10 18:30:11
/v_19rrofjwmo,http://m.iqiyi.com/v_19rrofjwmo.html,2016-10-10 09:54:29
/v_19rrofjwmo,http://m.iqiyi.com/v_19rrofjwmo.html,2016-10-10 11:06:39
/v_19rrogsr28,http://m.iqiyi.com/v_19rrogsr28.html?from=timeline&isappinstalled=0,2016-10-10 21:33:20
/v_19rroheauw,http://m.iqiyi.com/v_19rroheauw.html,2016-10-10 00:28:23
/v_19rroheauw,http://m.iqiyi.com/v_19rroheauw.html,2016-10-10 01:22:43
/v_19rroheauw,http://m.iqiyi.com/v_19rroheauw.html,2016-10-10 01:22:57
/v_19rroheauw,http://m.iqiyi.com/v_19rroheauw.html?msrc=3_28_53,2016-10-10 23:42:00
/v_19rrohimb0,http://m.iqiyi.com/v_19rrohimb0.html?msrc=3_28_53,2016-10-10 16:32:47
/v_19rrohimb0,http://m.iqiyi.com/v_19rrohimb0.html?msrc=3_28_53&dcwpf0dc4=1476048267741,2016-10-10 05:24:30
/v_19rrohimb0,http://m.iqiyi.com/v_19rrohimb0.html?src=sharemodclk131212&dcwpf0dc4=1476090595902,2016-10-10 17:09:56
/v_19rrohimb0,http://m.iqiyi.com/v_19rrohimb0.html?vfm=f_237_qqll&dcwpf0dc4=1476092134580,2016-10-10 17:35:36
/v_19rrojzc88,http://m.iqiyi.com/v_19rrojzc88.html?vfm=f_191_360y,2016-10-10 20:17:35
/v_19rrok6hrs,http://m.iqiyi.com/v_19rrok6hrs.html?msrc=3_28_53,2016-10-10 08:04:17
/v_19rrol8xmo,http://m.iqiyi.com/v_19rrol8xmo.html?vfm=m_247_ucll,2016-10-10 23:10:31
/v_19rrole6ak,http://m.iqiyi.com/v_19rrole6ak.html,2016-10-10 00:39:39
/v_19rromfg64,http://m.iqiyi.com/v_19rromfg64.html,2016-10-10 10:38:52
/v_19rromhn6k,http://m.iqiyi.com/v_19rromhn6k.html?vfm=m_103_txsp,2016-10-10 11:57:18
/v_19rromhn6k,http://m.iqiyi.com/v_19rromhn6k.html?vfm=m_103_txsp&dcwpf0dc4=1476072033253,2016-10-10 12:00:32
/v_19rromjwtk,http://m.iqiyi.com/v_19rromjwtk.html?vfm=2008_aldbd&dcwpf0dc4=1476059578885,2016-10-10 08:33:01
/v_19rronsxvg,http://m.iqiyi.com/v_19rronsxvg.html,2016-10-10 12:42:32
/v_19rroopiy0,http://m.iqiyi.com/v_19rroopiy0.html,2016-10-10 00:40:22
/w_19rqq1i6dd,http://m.iqiyi.com/w_19rqq1i6dd.html?key=2033620287684be3baf4e147144adc1f&msrc=3_31_56&aid=1783758509&tvid=1783758509&cid=12&identifier=weixinv1&ftype=27&subtype=1&vip_pc=0&vip_tpc=0&from=groupmessage&isappinstalled=1,2016-10-10 21:27:59
/w_19rqq1i6dd,http://m.iqiyi.com/w_19rqq1i6dd.html?key=2033620287684be3baf4e147144adc1f&msrc=3_31_56&aid=1783758509&tvid=1783758509&cid=12&identifier=weixinv1&ftype=27&subtype=1&vip_pc=0&vip_tpc=0&from=message&isappinstalled=0&dcwpf0dc4=1476102514412,2016-10-10 20:28:33
/w_19rqr79ch5,http://m.iqiyi.com/w_19rqr79ch5.html,2016-10-10 00:25:54
/w_19rqsp68m9,http://m.iqiyi.com/w_19rqsp68m9.html?from=timeline&isappinstalled=1,2016-10-10 10:17:34
/w_19rqvmvmxx,http://m.iqiyi.com/w_19rqvmvmxx.html,2016-10-10 10:03:25
/w_19rqxg10yt,http://m.iqiyi.com/w_19rqxg10yt.html,2016-10-10 22:36:04
/w_19rqy6pcs5,http://m.iqiyi.com/w_19rqy6pcs5.html,2016-10-10 17:23:26
/w_19rqy6pcs5,http://m.iqiyi.com/w_19rqy6pcs5.html,2016-10-10 12:58:33
/w_19rqybgjrl,http://m.iqiyi.com/w_19rqybgjrl.html?from=groupmessage&isappinstalled=1,2016-10-10 17:46:57
/w_19rqyiyitl,http://m.iqiyi.com/w_19rqyiyitl.html,2016-10-10 08:08:30
/w_19rqyiyitl,http://m.iqiyi.com/w_19rqyiyitl.html?dcwpf0dc4=1476076626039,2016-10-10 13:17:05
/w_19rqyrz2g1,http://m.iqiyi.com/w_19rqyrz2g1.html,2016-10-10 21:09:10
/w_19rqz33a6h,http://m.iqiyi.com/w_19rqz33a6h.html,2016-10-10 10:44:12
/w_19rqz33a6h,http://m.iqiyi.com/w_19rqz33a6h.html?from=singlemessage&isappinstalled=1&dcwpf0dc4=1476068000582,2016-10-10 10:53:21
/w_19rqz33yqh,http://m.iqiyi.com/w_19rqz33yqh.html,2016-10-10 12:25:30
/w_19rqz33yqh,http://m.iqiyi.com/w_19rqz33yqh.html?dcwpf0dc4=1476073530845,2016-10-10 12:25:31
/w_19rqzamm3h,http://m.iqiyi.com/w_19rqzamm3h.html?dcwpf0dc4=1476096526368,2016-10-10 18:48:46
/w_19rqzeahgt,http://m.iqiyi.com/w_19rqzeahgt.html,2016-10-10 23:53:29
/w_19rqzmu0m5,http://m.iqiyi.com/w_19rqzmu0m5.html,2016-10-10 19:41:30
/w_19rqzo3fm5,http://m.iqiyi.com/w_19rqzo3fm5.html?dcwpf0dc4=1476104198013,2016-10-10 20:56:37
/w_19rr00wpcl,http://m.iqiyi.com/w_19rr00wpcl.html,2016-10-10 23:06:59
/w_19rr041xgh,http://m.iqiyi.com/w_19rr041xgh.html,2016-10-10 09:45:41
/w_19rr0ruied,http://m.iqiyi.com/w_19rr0ruied.html,2016-10-10 17:16:49
/w_19rr0ruied,http://m.iqiyi.com/w_19rr0ruied.html,2016-10-10 17:16:49
/w_19rr115oix,http://m.iqiyi.com/w_19rr115oix.html,2016-10-10 08:41:32
/w_19rr1b7bux,http://m.iqiyi.com/w_19rr1b7bux.html,2016-10-10 01:31:05
/w_19rr1eiy8x,http://m.iqiyi.com/w_19rr1eiy8x.html,2016-10-10 11:16:34
/w_19rr1g2cq9,http://m.iqiyi.com/w_19rr1g2cq9.html,2016-10-10 00:04:29
/w_19rr1n81gx,http://m.iqiyi.com/w_19rr1n81gx.html,2016-10-10 19:09:45
/w_19rr1x43q1,http://m.iqiyi.com/w_19rr1x43q1.html,2016-10-10 20:38:05
/w_19rr2218al,http://m.iqiyi.com/w_19rr2218al.html,2016-10-10 01:03:57
/w_19rr296nx5,http://m.iqiyi.com/w_19rr296nx5.html,2016-10-10 00:53:54
/w_19rr2jjmrt,http://m.iqiyi.com/w_19rr2jjmrt.html,2016-10-10 07:56:45
/w_19rr4i7nwt,http://m.iqiyi.com/w_19rr4i7nwt.html,2016-10-10 05:29:21
/w_19rr4nmc51,http://m.iqiyi.com/w_19rr4nmc51.html,2016-10-10 19:53:19
/w_19rr5cumjt,http://m.iqiyi.com/w_19rr5cumjt.html,2016-10-10 19:08:42
/w_19rr703if5,http://m.iqiyi.com/w_19rr703if5.html?list=19rrhqu05u,2016-10-10 23:25:17
/w_19rr7160ph,http://m.iqiyi.com/w_19rr7160ph.html?list=19rrhqu05u,2016-10-10 23:55:35
/w_19rr7160ph,http://m.iqiyi.com/w_19rr7160ph.html?list=19rrhqu05u,2016-10-10 23:56:00
/w_19rr719qs5,http://m.iqiyi.com/w_19rr719qs5.html?list=19rrhqu05u,2016-10-10 23:43:19
/w_19rr87zndh,http://m.iqiyi.com/w_19rr87zndh.html?dcwpf0dc4=1476065365617,2016-10-10 10:09:24
/w_19rr9wa561,http://m.iqiyi.com/w_19rr9wa561.html,2016-10-10 21:24:35
/w_19rra6z3p9,http://m.iqiyi.com/w_19rra6z3p9.html?list=19rrhx8poa,2016-10-10 04:32:34
/w_19rraee52l,http://m.iqiyi.com/w_19rraee52l.html,2016-10-10 21:55:40
/w_19rramrmr5,http://m.iqiyi.com/w_19rramrmr5.html,2016-10-10 10:28:21
/w_19rramrmr5,http://m.iqiyi.com/w_19rramrmr5.html,2016-10-10 10:28:26
/w_19rrbaatbp,http://m.iqiyi.com/w_19rrbaatbp.html?dcwpf0dc4=1476102884598,2016-10-10 20:34:44
/w_19rrbarhb5,http://m.iqiyi.com/w_19rrbarhb5.html,2016-10-10 23:55:42
/w_19rrbarhb5,http://m.iqiyi.com/w_19rrbarhb5.html,2016-10-10 23:55:24
/w_19rrbj7kgp,http://m.iqiyi.com/w_19rrbj7kgp.html,2016-10-10 12:47:33
/w_19rrbr6gph,http://m.iqiyi.com/w_19rrbr6gph.html,2016-10-10 16:32:07
/w_19rrbweob1,http://m.iqiyi.com/w_19rrbweob1.html,2016-10-10 01:01:13
/w_19rrc3vr7h,http://m.iqiyi.com/w_19rrc3vr7h.html,2016-10-10 02:03:37
/w_19rrcjexfd,http://m.iqiyi.com/w_19rrcjexfd.html,2016-10-10 10:23:45
/w_19rrcldl81,http://m.iqiyi.com/w_19rrcldl81.html?dcwpf0dc4=1476065252535,2016-10-10 10:07:33
/w_19rrd2zh6t,http://m.iqiyi.com/w_19rrd2zh6t.html,2016-10-10 14:05:29
/w_19rrd5y92x,http://m.iqiyi.com/w_19rrd5y92x.html,2016-10-10 23:55:18
/w_19rrd66zjh,http://m.iqiyi.com/w_19rrd66zjh.html,2016-10-10 21:39:08
/w_19rrdbtnoh,http://m.iqiyi.com/w_19rrdbtnoh.html,2016-10-10 12:37:33
/w_19rrfckr19,http://m.iqiyi.com/w_19rrfckr19.html,2016-10-10 23:08:23
/w_19rrfckr19,http://m.iqiyi.com/w_19rrfckr19.html?dcwpf0dc4=1476063359543,2016-10-10 09:35:59
/w_19rrfew3hp,http://m.iqiyi.com/w_19rrfew3hp.html?key=19c3b51c45dbacd9fce1b4054f9a8ed8&msrc=3_31_56&aid=937481409&tvid=937481409&cid=27&identifier=weixinv1&ftype=27&subtype=1&vip_pc=0&vip_tpc=0&p1=2_22_222&social_platform=wechat_friend&from=message&isappinstalled=0,2016-10-10 15:33:15
/w_19rrfg0idx,http://m.iqiyi.com/w_19rrfg0idx.html,2016-10-10 19:19:03
/w_19rrkctxyp,http://m.iqiyi.com/w_19rrkctxyp.html,2016-10-10 16:03:00
/w_19rrkctxyp,http://m.iqiyi.com/w_19rrkctxyp.html,2016-10-10 16:02:58
/w_19rrkctxyp,http://m.iqiyi.com/w_19rrkctxyp.html,2016-10-10 16:02:53
/w_19rrko8u0t,http://m.iqiyi.com/w_19rrko8u0t.html,2016-10-10 09:18:37
/w_19rrksq5fd,http://m.iqiyi.com/w_19rrksq5fd.html?dcwpf0dc4=1476082629400,2016-10-10 14:57:09
/w_19rrlepjw9,http://m.iqiyi.com/w_19rrlepjw9.html?dcwpf0dc4=1476074805260,2016-10-10 12:46:45
/w_19rrltx645,http://m.iqiyi.com/w_19rrltx645.html,2016-10-10 22:02:47
/w_19rrm227jd,http://m.iqiyi.com/w_19rrm227jd.html,2016-10-10 22:53:39
/w_19rrm8dyq9,http://m.iqiyi.com/w_19rrm8dyq9.html,2016-10-10 08:56:09
/w_19rrmel6cx,http://m.iqiyi.com/w_19rrmel6cx.html,2016-10-10 05:19:54
/w_19rroij0nh,http://m.iqiyi.com/w_19rroij0nh.html?dcwpf0dc4=1476088135531,2016-10-10 16:28:55
/w_19rrq2xvb9,http://m.iqiyi.com/w_19rrq2xvb9.html,2016-10-10 11:33:59
/w_19rrq2xvb9,http://m.iqiyi.com/w_19rrq2xvb9.html,2016-10-10 11:34:27
/w_19rrq2xvb9,http://m.iqiyi.com/w_19rrq2xvb9.html,2016-10-10 11:33:02
/w_19rrq2xvb9,http://m.iqiyi.com/w_19rrq2xvb9.html?dcwpf0dc4=1476070382867,2016-10-10 11:33:02
/w_19rrq8qwt1,http://m.iqiyi.com/w_19rrq8qwt1.html,2016-10-10 00:52:43
/w_19rrqnxmcp,http://m.iqiyi.com/w_19rrqnxmcp.html,2016-10-10 23:32:34
/w_19rrr2lect,http://m.iqiyi.com/w_19rrr2lect.html?key=19c3b51c45dbacd9fce1b4054f9a8ed8&msrc=3_31_56&aid=3790036609&tvid=3790036609&cid=21&identifier=weixinv1&ftype=27&subtype=1&vip_pc=0&vip_tpc=0&p1=2_22_222&social_platform=wechat_friend&from=message&isappinstalled=0,2016-10-10 14:18:50
/w_19rrr4cech,http://m.iqiyi.com/w_19rrr4cech.html,2016-10-10 18:40:22
/w_19rrrqj7kh,http://m.iqiyi.com/w_19rrrqj7kh.html,2016-10-10 03:44:38
/w_19rrrqj7kh,http://m.iqiyi.com/w_19rrrqj7kh.html1001??????_????,2016-10-10 03:46:02
/w_19rrrz07j9,http://m.iqiyi.com/w_19rrrz07j9.html,2016-10-10 23:36:59
/w_19rrrzb1ph,http://m.iqiyi.com/w_19rrrzb1ph.html,2016-10-10 15:24:27
/w_19rrs3nigt,http://m.iqiyi.com/w_19rrs3nigt.html,2016-10-10 23:51:12
/w_19rrsdqbl1,http://m.iqiyi.com/w_19rrsdqbl1.html?dcwpf0dc4=1477494459176,2016-10-10 23:06:29
/w_19rrsj7shp,http://m.iqiyi.com/w_19rrsj7shp.html,2016-10-10 10:05:55
/w_19rrsy0el9,http://m.iqiyi.com/w_19rrsy0el9.html,2016-10-10 23:54:04
/w_19rrtg8hcx,http://m.iqiyi.com/w_19rrtg8hcx.html,2016-10-10 20:48:47
/w_19rrtir7kp,http://m.iqiyi.com/w_19rrtir7kp.html,2016-10-10 12:49:23
/w_19rrtz3o4p,http://m.iqiyi.com/w_19rrtz3o4p.html,2016-10-10 10:28:11
/w_19rru35yw1,http://m.iqiyi.com/w_19rru35yw1.html,2016-10-10 23:26:35
/w_19rrugiu35,http://m.iqiyi.com/w_19rrugiu35.html,2016-10-10 09:32:00
/w_19rrugynil,http://m.iqiyi.com/w_19rrugynil.html,2016-10-10 12:08:00
/w_19rrusz61p,http://m.iqiyi.com/w_19rrusz61p.html,2016-10-10 01:18:45
/w_19rrv1lpp9,http://m.iqiyi.com/w_19rrv1lpp9.html,2016-10-10 19:08:55
/w_19rrvgh34d,http://m.iqiyi.com/w_19rrvgh34d.html,2016-10-10 23:32:27
/w_19rrvgh34d,http://m.iqiyi.com/w_19rrvgh34d.html,2016-10-10 23:32:33
/w_19rrvqvbdl,http://m.iqiyi.com/w_19rrvqvbdl.html,2016-10-10 23:50:05
/w_19rrwrt7ld,http://m.iqiyi.com/w_19rrwrt7ld.html,2016-10-10 16:46:52
/w_19rrwu1xj9,http://m.iqiyi.com/w_19rrwu1xj9.html,2016-10-10 02:59:52
/w_19rrx49395,http://m.iqiyi.com/w_19rrx49395.html,2016-10-10 21:07:04
/w_19rrxf6fi9,http://m.iqiyi.com/w_19rrxf6fi9.html,2016-10-10 00:10:24
/w_19rry23o8p,http://m.iqiyi.com/w_19rry23o8p.html,2016-10-10 12:00:00
/w_19rrzbhrll,http://m.iqiyi.com/w_19rrzbhrll.html,2016-10-10 05:06:48
/w_19rrzmqo99,http://m.iqiyi.com/w_19rrzmqo99.html,2016-10-10 00:58:42
/w_19rs0t7br1,http://m.iqiyi.com/w_19rs0t7br1.html?msrc=10_107_192&u1=qyid2306261731&wx_uid1=wxidoG0a9jqRCP1Lv6G4EU-UxbSypNH0&wx_uid2=wxidoG0a9jgA2pW3a3Q7NEEyidJSlL-U,2016-10-10 19:13:29
/w_19rs1mjon9,http://m.iqiyi.com/w_19rs1mjon9.html?fromvsogou=1,2016-10-10 15:45:29
/w_19rs2dsuf9,http://m.iqiyi.com/w_19rs2dsuf9.html,2016-10-10 23:08:50
/w_19rs2z1wrl,http://m.iqiyi.com/w_19rs2z1wrl.html,2016-10-10 01:03:16
/w_19rs3rsxeh,http://m.iqiyi.com/w_19rs3rsxeh.html,2016-10-10 04:17:52
/w_19rs3rysad,http://m.iqiyi.com/w_19rs3rysad.html,2016-10-10 18:19:18
/w_19rs3xgm41,http://m.iqiyi.com/w_19rs3xgm41.html,2016-10-10 12:28:20
/w_19rs4d3dtx,http://m.iqiyi.com/w_19rs4d3dtx.html?from=singlemessage&isappinstalled=0&dcwpf0dc4=1476090203821,2016-10-10 17:03:24
/w_19rs4pvjqt,http://m.iqiyi.com/w_19rs4pvjqt.html?key=456ddd1ff52a6089c7e3f806d609520d&msrc=3_31_56&aid=3501480409&tvid=3501480409&cid=6&vid=null&identifier=weixinv1&ftype=27&subtype=1&vip_pc=0&vip_tpc=0&from=message&isappinstalled=0&wx_uid2=wxidoG0a9jkWmrOTSdtHNDm15ZiM7tLw,2016-10-10 14:10:42
/w_19rs4za9qp,http://m.iqiyi.com/w_19rs4za9qp.html,2016-10-10 02:01:57
/w_19rs5ev8dd,http://m.iqiyi.com/w_19rs5ev8dd.html?dcwpf0dc4=1476097570089,2016-10-10 15:04:54
/w_19rs5f1kc1,http://m.iqiyi.com/w_19rs5f1kc1.html,2016-10-10 23:40:11
/w_19rs60qig5,http://m.iqiyi.com/w_19rs60qig5.html,2016-10-10 18:39:59
/w_19rs6g91vx,http://m.iqiyi.com/w_19rs6g91vx.html?msrc=6_55_97,2016-10-10 23:37:26
/w_19rs6o5lgx,http://m.iqiyi.com/w_19rs6o5lgx.html,2016-10-10 01:15:43
/w_19rs756umt,http://m.iqiyi.com/w_19rs756umt.html,2016-10-10 12:20:59
/w_19rs7y0orp,http://m.iqiyi.com/w_19rs7y0orp.html,2016-10-10 00:29:31
/w_19rs81o1lp,http://m.iqiyi.com/w_19rs81o1lp.html,2016-10-10 16:46:43
/w_19rs891s6l,http://m.iqiyi.com/w_19rs891s6l.html,2016-10-10 14:08:51
/w_19rs8a0rwx,http://m.iqiyi.com/w_19rs8a0rwx.html?key=20232202d774247f32bb7b36480500a1&msrc=3_31_56&aid=2951221309&tvid=2951221309&cid=7&identifier=weixinv1&ftype=27&subtype=1&vip_pc=0&vip_tpc=0&p1=2_22_222&social_platform=qq_friend,2016-10-10 07:26:28
/w_19rs8drja9,http://m.iqiyi.com/w_19rs8drja9.html,2016-10-10 23:37:08
/w_19rs8gvqgl,http://m.iqiyi.com/w_19rs8gvqgl.html?dcwpf0dc4=1476107720487,2016-10-10 21:55:19
/w_19rsae0e41,http://m.iqiyi.com/w_19rsae0e41.html?fromvsogou=1,2016-10-10 17:34:17
/w_19rsazakgt,http://m.iqiyi.com/w_19rsazakgt.html?dcwpf0dc4=1476065980349,2016-10-10 10:19:40
/w_19rsazakgt,http://m.iqiyi.com/w_19rsazakgt.html?dcwpf0dc4=1476099797317,2016-10-10 19:43:17
/w_19rsb4a2ih,http://m.iqiyi.com/w_19rsb4a2ih.html?src=sharemodclk131212,2016-10-10 21:45:25
/w_19rsbxy9bp,http://m.iqiyi.com/w_19rsbxy9bp.html,2016-10-10 14:16:17
/w_19rsckmbi9,http://m.iqiyi.com/w_19rsckmbi9.html,2016-10-10 10:12:05
/w_19rsdcd5yt,http://m.iqiyi.com/w_19rsdcd5yt.html,2016-10-10 22:26:34
/w_19rsdcd5yt,http://m.iqiyi.com/w_19rsdcd5yt.html?dcwpf0dc4=1476107766300,2016-10-10 21:56:07
/w_19rsdoqjd9,http://m.iqiyi.com/w_19rsdoqjd9.html?msrc=6_55_97,2016-10-10 23:39:43
/w_19rsefz8ad,http://m.iqiyi.com/w_19rsefz8ad.html,2016-10-10 11:16:11
/w_19rsgpqg09,http://m.iqiyi.com/w_19rsgpqg09.html,2016-10-10 23:13:48
/w_19rsgptwu9,http://m.iqiyi.com/w_19rsgptwu9.html,2016-10-10 23:05:36
/w_19rsgyeert,http://m.iqiyi.com/w_19rsgyeert.html?key=497e5c296ca7ff592f821e933523f96a&msrc=3_31_56&aid=2360214309&tvid=2360214309&cid=27&identifier=weixinv1&ftype=27&subtype=1&vip_pc=0&vip_tpc=0&p1=2_22_222&social_platform=wechat_friend&from=message&isappinstalled=0,2016-10-10 19:36:13
/w_19rsgyeert,http://m.iqiyi.com/w_19rsgyeert.html?key=497e5c296ca7ff592f821e933523f96a&msrc=3_31_56&aid=2360214309&tvid=2360214309&cid=27&identifier=weixinv1&ftype=27&subtype=1&vip_pc=0&vip_tpc=0&p1=2_22_222&social_platform=wechat_friend&from=message&isappinstalled=0,2016-10-10 19:43:41
/w_19rsia80ip,http://m.iqiyi.com/w_19rsia80ip.html,2016-10-10 04:46:26
/w_19rsjfd4fl,http://m.iqiyi.com/w_19rsjfd4fl.html?dcwpf0dc4=1476082672877,2016-10-10 14:57:53
/w_19rslfwlgp,http://m.iqiyi.com/w_19rslfwlgp.html?msrc=6_55_97,2016-10-10 20:35:40
/w_19rslmkihp,http://m.iqiyi.com/w_19rslmkihp.html,2016-10-10 12:37:24
/w_19rslmkihp,http://m.iqiyi.com/w_19rslmkihp.html,2016-10-10 12:37:42
/w_19rslwcku5,http://m.iqiyi.com/w_19rslwcku5.html,2016-10-10 16:35:10
/w_19rsmfcyf9,http://m.iqiyi.com/w_19rsmfcyf9.html,2016-10-10 20:02:37
/w_19rsn6whr1,http://m.iqiyi.com/w_19rsn6whr1.html,2016-10-10 22:06:30
/w_19rsobtqrp,http://m.iqiyi.com/w_19rsobtqrp.html?plg_nld=1&plg_uin=1&plg_nld=1&ftype=27&vip_pc=0&vip_tpc=0&key=201680060061b2cdcd286937aaf73a1e&tvid=6056612009&plg_dev=1&identifier=weixinv1&cid=5&msrc=3_31_56&plg_usr=1&subtype=1&aid=6056612009&plg_vkey=1,2016-10-10 00:07:24
/w_19rsodh2ph,http://m.iqiyi.com/w_19rsodh2ph.html,2016-10-10 22:28:49
/w_19rsodh2ph,http://m.iqiyi.com/w_19rsodh2ph.html,2016-10-10 23:12:23
/w_19rsp63n2l,http://m.iqiyi.com/w_19rsp63n2l.html?key=5d2157eabcea7a5a82c0ca8975063d43&msrc=3_31_56&aid=6073911009&tvid=6073911009&cid=27&identifier=weixinv1&ftype=27&subtype=1&vip_pc=0&vip_tpc=0,2016-10-10 14:04:06
/w_19rsptg4xx,http://m.iqiyi.com/w_19rsptg4xx.html,2016-10-10 20:52:26
/w_19rsptg4xx,http://m.iqiyi.com/w_19rsptg4xx.html#,2016-10-10 02:29:00
/w_19rsqete31,http://m.iqiyi.com/w_19rsqete31.html,2016-10-10 23:31:32
/w_19rsqh9yi1,http://m.iqiyi.com/w_19rsqh9yi1.html,2016-10-10 03:15:55
/w_19rsqldze1,http://m.iqiyi.com/w_19rsqldze1.html,2016-10-10 14:43:08
/w_19rsqravil,http://m.iqiyi.com/w_19rsqravil.html?key=5d2157eabcea7a5a82c0ca8975063d43&msrc=3_31_56&aid=5909939809&tvid=5909939809&cid=27&identifier=weixinv1&ftype=27&subtype=1&vip_pc=0&vip_tpc=0&from=timeline&isappinstalled=0&wx_uid2=wxidoG0a9jtx8OSUrZ6-8mbcNwssFGj8,2016-10-10 21:08:12
/w_19rsqs19g9,http://m.iqiyi.com/w_19rsqs19g9.html,2016-10-10 14:44:00
/w_19rsr9vund,http://m.iqiyi.com/w_19rsr9vund.html,2016-10-10 00:27:54
/w_19rsriqdzl,http://m.iqiyi.com/w_19rsriqdzl.html?key=497e5c296ca7ff592f821e933523f96a&msrc=3_31_56&aid=5947752509&tvid=5947752509&cid=6&identifier=weixinv1&ftype=27&subtype=1&vip_pc=0&vip_tpc=0&from=message&isappinstalled=0,2016-10-10 22:34:57
/w_19rsrsl3kt,http://m.iqiyi.com/w_19rsrsl3kt.html?from=groupmessage&isappinstalled=0&dcwpf0dc4=1476100347325,2016-10-10 19:52:27
/w_19rsruzd35,http://m.iqiyi.com/w_19rsruzd35.html,2016-10-10 14:12:01
/w_19rsrwl659,http://m.iqiyi.com/w_19rsrwl659.html,2016-10-10 23:35:30
/w_19rsrzzi3p,http://m.iqiyi.com/w_19rsrzzi3p.html?fromvsogou=1,2016-10-10 14:11:14
/w_19rssiqiwl,http://m.iqiyi.com/w_19rssiqiwl.html,2016-10-10 10:20:09
/w_19rssoll31,http://m.iqiyi.com/w_19rssoll31.html,2016-10-10 23:29:05
/w_19rssomor1,http://m.iqiyi.com/w_19rssomor1.html,2016-10-10 22:07:07
/w_19rssomor1,http://m.iqiyi.com/w_19rssomor1.html,2016-10-10 22:07:48
/w_19rsspyvt5,http://m.iqiyi.com/w_19rsspyvt5.html?dcwpf0dc4=1476073495449,2016-10-10 12:23:16
/w_19rssw4vid,http://m.iqiyi.com/w_19rssw4vid.html?fromvsogou=1,2016-10-10 16:03:34
/w_19rst7ls8h,http://m.iqiyi.com/w_19rst7ls8h.html,2016-10-10 15:57:20
/w_19rst9zial,http://m.iqiyi.com/w_19rst9zial.html,2016-10-10 13:52:34
/w_19rstd4wb9,http://m.iqiyi.com/w_19rstd4wb9.html?dcwpf0dc4=1476066162117,2016-10-10 10:22:42
/w_19rsu1ppzd,http://m.iqiyi.com/w_19rsu1ppzd.html?key=5d4bc73acbd3d18641c5d05917a8e34a&msrc=3_31_56&aid=6383718309&tvid=6383718309&cid=22&identifier=weixinv1&ftype=27&subtype=1&vip_pc=0&vip_tpc=0&from=message&isappinstalled=1,2016-10-10 17:43:12
/w_19rsub7611,http://m.iqiyi.com/w_19rsub7611.html?dcwpf0dc4=1476031070003,2016-10-10 00:37:50
/w_19rsughqwl,http://m.iqiyi.com/w_19rsughqwl.html?fromvsogou=1,2016-10-10 01:21:52
/w_19rsui6w5d,http://m.iqiyi.com/w_19rsui6w5d.html?list=19rrkjayia,2016-10-10 14:18:57
/w_19rsukt00l,http://m.iqiyi.com/w_19rsukt00l.html,2016-10-10 00:42:45
/w_19rsul79jd,http://m.iqiyi.com/w_19rsul79jd.html?dcwpf0dc4=1476032286274,2016-10-10 00:58:06
/w_19rsuw1ryx,http://m.iqiyi.com/w_19rsuw1ryx.html?dummy=&wx_uid1=wxidoG0a9jnzmvCls0nwcKNPZ9OV5MKg&wx_uid2=wxidoG0a9jkiZNuTExqyqBziGm-JhSw0,2016-10-10 14:58:15
/w_19rsuz1wq9,http://m.iqiyi.com/w_19rsuz1wq9.html?key=591a3d5e95c34d3f4e2373d2df3fd506&msrc=3_31_56&aid=6192132509&tvid=6192132509&cid=27&identifier=weixinv1&ftype=27&subtype=1&vip_pc=0&vip_tpc=0&p1=2_22_222&social_platform=wechat_friend&from=message&isappinstalled=0&wx_uid1=wxidoG0a9jvUp5O1JAj4OLOngSt5XDMM&wx_uid2=wxidoG0a9jvUp5O1JAj4OLOngSt5XDMM,2016-10-10 13:30:37
/w_19rsv4r05p,http://m.iqiyi.com/w_19rsv4r05p.html?key=497e5c296ca7ff592f821e933523f96a&msrc=3_31_56&aid=6199607009&tvid=6199607009&cid=32&identifier=weixinv1&ftype=27&subtype=1&vip_pc=0&vip_tpc=0&p1=2_22_222&social_platform=wechat_friend&from=message&isappinstalled=0,2016-10-10 20:57:45
/w_19rsv77exd,http://m.iqiyi.com/w_19rsv77exd.html?fromvsogou=1,2016-10-10 01:58:56
/w_19rsv9yft9,http://m.iqiyi.com/w_19rsv9yft9.html,2016-10-10 19:40:44
/w_19rsvbwdll,http://m.iqiyi.com/w_19rsvbwdll.html,2016-10-10 16:11:04
/w_19rsvi8iqx,http://m.iqiyi.com/w_19rsvi8iqx.html,2016-10-10 23:29:49
/w_19rsvio601,http://m.iqiyi.com/w_19rsvio601.html,2016-10-10 19:03:04
/w_19rsvjh7i9,http://m.iqiyi.com/w_19rsvjh7i9.html?key=591a3d5e95c34d3f4e2373d2df3fd506&msrc=3_31_56&aid=6224472109&tvid=6224472109&cid=5&identifier=weixinv1&ftype=27&subtype=1&vip_pc=0&vip_tpc=0&from=message&isappinstalled=0,2016-10-10 09:07:52
/w_19rsvyly1d,http://m.iqiyi.com/w_19rsvyly1d.html?fromvsogou=1,2016-10-10 22:33:49
/w_19rsw4gahx,http://m.iqiyi.com/w_19rsw4gahx.html,2016-10-10 00:25:48
/w_19rsw8ehuh,http://m.iqiyi.com/w_19rsw8ehuh.html,2016-10-10 22:45:14
/w_19rsw925vd,http://m.iqiyi.com/w_19rsw925vd.html?key=20045006da9232f255f4c3abe094ca6f&msrc=3_31_56&aid=6248551509&tvid=6248551509&cid=29&identifier=weixinv1&ftype=27&subtype=1&vip_pc=0&vip_tpc=0&p1=2_22_222&social_platform=wechat_friend&from=message&isappinstalled=0,2016-10-10 15:03:29
/w_19rswcpzel,http://m.iqiyi.com/w_19rswcpzel.html?fromvsogou=1,2016-10-10 10:44:08
/w_19rswhr85p,http://m.iqiyi.com/w_19rswhr85p.html,2016-10-10 08:46:11
/w_19rswsbo2x,http://m.iqiyi.com/w_19rswsbo2x.html,2016-10-10 19:10:17
/w_19rswswy8h,http://m.iqiyi.com/w_19rswswy8h.html?key=b398b8ccbaeacca840073a7ee9b7e7e6&msrc=3_31_56&aid=6300661309&tvid=6300661309&cid=8&identifier=weixinv1&ftype=27&subtype=1&vip_pc=0&vip_tpc=0&p1=2_22_222&social_platform=wechat_circle&from=timeline&isappinstalled=1,2016-10-10 20:11:03
/w_19rswv6iod,http://m.iqiyi.com/w_19rswv6iod.html,2016-10-10 15:36:18
/w_19rswv6iod,http://m.iqiyi.com/w_19rswv6iod.html,2016-10-10 18:38:45
/w_19rswxa6qp,http://m.iqiyi.com/w_19rswxa6qp.html,2016-10-10 15:16:23
/w_19rswzan09,http://m.iqiyi.com/w_19rswzan09.html,2016-10-10 23:42:45
/w_19rsx2yy65,http://m.iqiyi.com/w_19rsx2yy65.html,2016-10-10 09:37:43
/w_19rsxqw22l,http://m.iqiyi.com/w_19rsxqw22l.html,2016-10-10 23:32:10
/w_19rsybalf5,http://m.iqiyi.com/w_19rsybalf5.html,2016-10-10 17:41:03
/w_19rsyh91qt,http://m.iqiyi.com/w_19rsyh91qt.html,2016-10-10 00:16:32
/w_19rsyv3py1,http://m.iqiyi.com/w_19rsyv3py1.html,2016-10-10 20:21:46
/w_19rszjocg5,http://m.iqiyi.com/w_19rszjocg5.html,2016-10-10 14:05:51
/w_19rt0041y1,http://m.iqiyi.com/w_19rt0041y1.html?dcwpf0dc4=1476114874399,2016-10-10 23:54:33
/w_19rt0fgko1,http://m.iqiyi.com/w_19rt0fgko1.html?key=5d2157eabcea7a5a82c0ca8975063d43&msrc=3_31_56&aid=5460962509&tvid=5460962509&cid=27&vid=null&identifier=weixinv1&ftype=27&subtype=1&vip_pc=0&vip_tpc=0&appinstall=0,2016-10-10 01:16:52
/w_19rt0fgko1,http://m.iqiyi.com/w_19rt0fgko1.html?key=5d2157eabcea7a5a82c0ca8975063d43&msrc=3_31_56&aid=5460962509&tvid=5460962509&cid=27&vid=null&identifier=weixinv1&ftype=27&subtype=1&vip_pc=0&vip_tpc=0&appinstall=0,2016-10-10 01:35:01
/w_19rt0hqvt9,http://m.iqiyi.com/w_19rt0hqvt9.html?wx_uid1=qyid030AE0D0-DC42-4209-961C-747823449E8C&wx_uid2=wxidoG0a9jkvpeJEFeQFnLe_rZjPkPVE,2016-10-10 20:42:02
/w_19rt0mq4nt,http://m.iqiyi.com/w_19rt0mq4nt.html,2016-10-10 22:59:20
/w_19rt0yz0jp,http://m.iqiyi.com/w_19rt0yz0jp.html,2016-10-10 22:05:55
/w_19rt1b81qx,http://m.iqiyi.com/w_19rt1b81qx.html?dcwpf0dc4=1476112158297,2016-10-10 23:09:18
/w_19rt1btlnd,http://m.iqiyi.com/w_19rt1btlnd.html,2016-10-10 18:17:48
/w_19rt1hnu7h,http://m.iqiyi.com/w_19rt1hnu7h.html,2016-10-10 20:44:25
/w_19rt1iuqxx,http://m.iqiyi.com/w_19rt1iuqxx.html,2016-10-10 10:49:50
/w_19rt1mjd3t,http://m.iqiyi.com/w_19rt1mjd3t.html?fromvsogou=1,2016-10-10 23:44:23
/w_19rt1p8x0l,http://m.iqiyi.com/w_19rt1p8x0l.html?dcwpf0dc4=1476110568893,2016-10-10 22:42:48
/w_19rt1qj0nh,http://m.iqiyi.com/w_19rt1qj0nh.html,2016-10-10 06:59:03
/w_19rt1u1n55,http://m.iqiyi.com/w_19rt1u1n55.html,2016-10-10 23:02:12
/w_19rt1u25zl,http://m.iqiyi.com/w_19rt1u25zl.html?key=497e5c296ca7ff592f821e933523f96a&msrc=3_31_56&aid=5778635709&tvid=5778635709&cid=22&identifier=weixinv1&ftype=27&subtype=1&vip_pc=0&vip_tpc=0,2016-10-10 00:23:51
/w_19rt2b3aa5,http://m.iqiyi.com/w_19rt2b3aa5.html,2016-10-10 16:10:47
/w_19rt2h14t9,http://m.iqiyi.com/w_19rt2h14t9.html,2016-10-10 01:14:18
/w_19rt3ev9x5,http://m.iqiyi.com/w_19rt3ev9x5.html,2016-10-10 13:35:58
/w_19rt4hyoh5,http://m.iqiyi.com/w_19rt4hyoh5.html,2016-10-10 14:46:48
/w_19rt54t1t1,http://m.iqiyi.com/w_19rt54t1t1.html?key=5d2157eabcea7a5a82c0ca8975063d43&msrc=3_31_56&aid=5711827209&tvid=5711827209&cid=5&vid=null&identifier=weixinv1&ftype=27&subtype=1&vip_pc=0&vip_tpc=0&from=groupmessage&isappinstalled=1,2016-10-10 21:32:57
/w_19rt5dgxvh,http://m.iqiyi.com/w_19rt5dgxvh.html,2016-10-10 00:47:24
/w_19rt5py44p,http://m.iqiyi.com/w_19rt5py44p.html,2016-10-10 19:28:37
/w_19rt6ghn05,http://m.iqiyi.com/w_19rt6ghn05.html,2016-10-10 22:07:34
/w_19rt6nl449,http://m.iqiyi.com/w_19rt6nl449.html,2016-10-10 16:51:01
/w_19rt6p00bp,http://m.iqiyi.com/w_19rt6p00bp.html,2016-10-10 12:33:46
/w_19rt6teg2d,http://m.iqiyi.com/w_19rt6teg2d.html#,2016-10-10 05:18:32
/w_19rt6teg2d,http://m.iqiyi.com/w_19rt6teg2d.html#,2016-10-10 05:18:27
/w_19rt6teg2d,http://m.iqiyi.com/w_19rt6teg2d.html#,2016-10-10 05:05:45
/w_19rt6teg2d,http://m.iqiyi.com/w_19rt6teg2d.html#,2016-10-10 05:05:43
/w_19rt72wtix,http://m.iqiyi.com/w_19rt72wtix.html,2016-10-10 14:57:35
/w_19rt7eeij9,http://m.iqiyi.com/w_19rt7eeij9.html,2016-10-10 21:42:03
/w_19rt7udn9x,http://m.iqiyi.com/w_19rt7udn9x.html?qr=page&Code_type=3&Fromtype=27&Subtype=4&category_id=5&id=5095474809&tvid=5095474809&progress=46,2016-10-10 16:44:36
/w_19rt7ueepp,http://m.iqiyi.com/w_19rt7ueepp.html?dcwpf0dc4=1476040418472,2016-10-10 03:13:38
/w_19rt7vu6pd,http://m.iqiyi.com/w_19rt7vu6pd.html?list=19rrknd1jy,2016-10-10 08:26:48
/w_19rt7z12wx,http://m.iqiyi.com/w_19rt7z12wx.html,2016-10-10 22:13:40
/w_19rt80w2ox,http://m.iqiyi.com/w_19rt80w2ox.html,2016-10-10 23:51:49
/w_19rt8dlh4x,http://m.iqiyi.com/w_19rt8dlh4x.html,2016-10-10 01:07:09
/w_19rt8gz5q1,http://m.iqiyi.com/w_19rt8gz5q1.html,2016-10-10 01:07:19
/w_19rt8gz5q1,http://m.iqiyi.com/w_19rt8gz5q1.html,2016-10-10 00:59:20
/w_19rt9bwgi9,http://m.iqiyi.com/w_19rt9bwgi9.html,2016-10-10 18:48:30
/w_19rt9i7fwx,http://m.iqiyi.com/w_19rt9i7fwx.html,2016-10-10 18:30:27
/w_19rt9o4flt,http://m.iqiyi.com/w_19rt9o4flt.html,2016-10-10 20:20:01
/w_19rta19dlh,http://m.iqiyi.com/w_19rta19dlh.html,2016-10-10 13:42:41
/w_19rta19dlh,http://m.iqiyi.com/w_19rta19dlh.html?dcwpf0dc4=1476078171524,2016-10-10 13:42:50
/w_19rta5mel5,http://m.iqiyi.com/w_19rta5mel5.html,2016-10-10 11:00:29
/w_19rtaip6n1,http://m.iqiyi.com/w_19rtaip6n1.html,2016-10-10 10:47:47
/w_19rtbkyn6x,http://m.iqiyi.com/w_19rtbkyn6x.html,2016-10-10 19:35:53
/w_19rtbn3eep,http://m.iqiyi.com/w_19rtbn3eep.html?fromvsogou=1,2016-10-10 00:20:13
/w_19rtbn3eep,http://m.iqiyi.com/w_19rtbn3eep.html?fromvsogou=1,2016-10-10 00:26:13
/w_19rtbn3eep,http://m.iqiyi.com/w_19rtbn3eep.html?fromvsogou=1&dcwpf0dc4=1476030013711,2016-10-10 00:20:13
/w_19rtc5wppp,http://m.iqiyi.com/w_19rtc5wppp.html?fromvsogou=1,2016-10-10 23:44:28
/w_19rtcfowxh,http://m.iqiyi.com/w_19rtcfowxh.html,2016-10-10 22:40:21
/w_19rtcnjzqh,http://m.iqiyi.com/w_19rtcnjzqh.html,2016-10-10 15:11:09
/w_19rtcue0c5,http://m.iqiyi.com/w_19rtcue0c5.html?fromvsogou=1,2016-10-10 23:59:53
/w_19rtcuw7xt,http://m.iqiyi.com/w_19rtcuw7xt.html?dummy=&from=timeline&isappinstalled=0&wx_uid1=wxidoG0a9jjdAjvQci5M--99s8S_BBdc&wx_uid2=wxidoG0a9juxbx7wfJLYk8_RnZpCBcnU,2016-10-10 08:19:32
/w_19rtd0lktx,http://m.iqiyi.com/w_19rtd0lktx.html,2016-10-10 08:45:02
/w_19rtd0lktx,http://m.iqiyi.com/w_19rtd0lktx.html,2016-10-10 08:43:54
/w_19rtd5o4g9,http://m.iqiyi.com/w_19rtd5o4g9.html,2016-10-10 01:44:41
/w_19rtdgal2p,http://m.iqiyi.com/w_19rtdgal2p.html?list=19rrobt4pu,2016-10-10 14:22:35
/w_19rtdovowx,http://m.iqiyi.com/w_19rtdovowx.html,2016-10-10 17:27:13
/w_19rtdxftlx,http://m.iqiyi.com/w_19rtdxftlx.html,2016-10-10 23:11:03
/w_19rtdxftlx,http://m.iqiyi.com/w_19rtdxftlx.html,2016-10-10 23:42:53
/w_19rtdyzi1p,http://m.iqiyi.com/w_19rtdyzi1p.html?key=456ddd1ff52a6089c7e3f806d609520d&msrc=3_31_56&aid=5195492209&tvid=5195492209&cid=32&vid=null&identifier=weixinv1&ftype=27&subtype=1&vip_pc=0&vip_tpc=0,2016-10-10 00:44:09
/w_19rtdzv0mx,http://m.iqiyi.com/w_19rtdzv0mx.html?key=5d2157eabcea7a5a82c0ca8975063d43&msrc=3_31_56&aid=5192719509&tvid=5192719509&cid=21&identifier=weixinv1&ftype=27&subtype=1&vip_pc=0&vip_tpc=0&p1=2_22_222&social_platform=wechat_friend,2016-10-10 20:32:23
/w_19rtenioep,http://m.iqiyi.com/w_19rtenioep.html,2016-10-10 22:06:15
/w_19rtfwvrbt,http://m.iqiyi.com/w_19rtfwvrbt.html?dcwpf0dc4=1476068987388,2016-10-10 11:09:47
/w_19rti2oauh,http://m.iqiyi.com/w_19rti2oauh.html?wx_uid1=qyidF226D7E4-1B8D-4512-9EEE-1514C17CBC5D&wx_uid2=wxidoG0a9jn36zg7paM4ZBB0y88Bpoo0,2016-10-10 09:27:47
/w_19rti6jds5,http://m.iqiyi.com/w_19rti6jds5.html,2016-10-10 00:38:14
/w_19rti6jds5,http://m.iqiyi.com/w_19rti6jds5.html,2016-10-10 00:36:50
/w_19rtic82xt,http://m.iqiyi.com/w_19rtic82xt.html,2016-10-10 23:47:38
/w_19rtijxitl,http://m.iqiyi.com/w_19rtijxitl.html,2016-10-10 22:41:10
/w_19rtikz8v5,http://m.iqiyi.com/w_19rtikz8v5.html,2016-10-10 01:00:23
/w_19rtjbsiox,http://m.iqiyi.com/w_19rtjbsiox.html,2016-10-10 11:49:22
/w_19rtk5x3ot,http://m.iqiyi.com/w_19rtk5x3ot.html,2016-10-10 01:14:21
/w_19rtl6n869,http://m.iqiyi.com/w_19rtl6n869.html,2016-10-10 20:38:45
/w_19rtl8xcrp,http://m.iqiyi.com/w_19rtl8xcrp.html?dcwpf0dc4=1476101388872,2016-10-10 20:09:46
/w_19rtlxdve5,http://m.iqiyi.com/w_19rtlxdve5.html?key=591a3d5e95c34d3f4e2373d2df3fd506&msrc=3_31_56&aid=4579705409&tvid=4579705409&cid=27&identifier=weixinv1&ftype=27&subtype=1&vip_pc=0&vip_tpc=0&g_f=2000000392&from=timeline&isappinstalled=0&wx_uid2=wxidoG0a9jqSdOh25m8WeKDgoDyBLqMg,2016-10-10 20:15:48
/w_19rtmi3arh,http://m.iqiyi.com/w_19rtmi3arh.html?key=f6517a128baf3f9115f82ec5a2c96055&msrc=3_31_56&aid=4612502609&tvid=4612502609&cid=27&vid=341e8f9b69b579c8dae2b6b33015f401&identifier=weixinv1&ftype=27&subtype=1&vip_pc=0&vip_tpc=0&from=message&isappinstalled=1&dcwpf0dc4=1476111399898,2016-10-10 22:56:39
/w_19rtnpg04p,http://m.iqiyi.com/w_19rtnpg04p.html?dummy=&wx_uid1=wxidoG0a9jqPRfHcqf6loPqJaq-GS6Co&wx_uid2=wxidoG0a9jqPRfHcqf6loPqJaq-GS6Co&from=timeline&isappinstalled=0,2016-10-10 12:55:23
/w_19rugmo7jh,http://m.iqiyi.com/w_19rugmo7jh.html,2016-10-10 08:47:47
/w_19rugpyww9,http://m.iqiyi.com/w_19rugpyww9.html?wx_uid1=qyidE1B21664-0816-47EC-8908-1D4B1F704C8A&wx_uid2=wxidoG0a9jsDU2dbXIPZTPXXWrfHO2AI,2016-10-10 00:36:16
/w_19rugrccld,http://m.iqiyi.com/w_19rugrccld.html?fromvsogou=1&dcwpf0dc4=1476104720196,2016-10-10 21:05:20
/w_19rugrxs2h,http://m.iqiyi.com/w_19rugrxs2h.html?dummy=&wx_uid2=wxidoG0a9jock0pPdabmSgoUuTkDTJZc,2016-10-10 21:45:57
/w_19rugs43xp,http://m.iqiyi.com/w_19rugs43xp.html,2016-10-10 21:26:11
/w_19rugshqd1,http://m.iqiyi.com/w_19rugshqd1.html?fromvsogou=1,2016-10-10 17:31:46
/w_19rugukri5,http://m.iqiyi.com/w_19rugukri5.html?fromvsogou=1&from=groupmessage&isappinstalled=0&dcwpf0dc4=1476111293669,2016-10-10 22:54:59
/w_19ruh7c6ox,http://m.iqiyi.com/w_19ruh7c6ox.html,2016-10-10 22:20:08
/w_19ruh86ztt,http://m.iqiyi.com/w_19ruh86ztt.html,2016-10-10 23:10:03
/w_19ruhjuz29,http://m.iqiyi.com/w_19ruhjuz29.html,2016-10-10 14:56:21
/w_19ruhkgz15,http://m.iqiyi.com/w_19ruhkgz15.html?fromvsogou=1,2016-10-10 10:59:08
/w_19ruhkgz15,http://m.iqiyi.com/w_19ruhkgz15.html?fromvsogou=1&dcwpf0dc4=1476068393169,2016-10-10 10:59:53
/w_19ruhkgz15,http://m.iqiyi.com/w_19ruhkgz15.html?fromvsogou=1&dcwpf0dc4=1476109531001,2016-10-10 22:25:30
/w_19ruhl0x9h,http://m.iqiyi.com/w_19ruhl0x9h.html?fromvsogou=1,2016-10-10 19:28:57
/w_19ruhl0x9h,http://m.iqiyi.com/w_19ruhl0x9h.html?fromvsogou=1,2016-10-10 09:23:22
/w_19ruhl0x9h,http://m.iqiyi.com/w_19ruhl0x9h.html?fromvsogou=1,2016-10-10 09:22:43
/w_19ruhll8lx,http://m.iqiyi.com/w_19ruhll8lx.html?dcwpf0dc4=1476073872704,2016-10-10 12:30:56
/w_19ruhlu2sh,http://m.iqiyi.com/w_19ruhlu2sh.html?fromvsogou=1,2016-10-10 07:34:54
/w_19rspinh3d,https://m.iqiyi.com/w_19rspinh3d.html,2016-10-10 23:19:05
/w_19rtm18861,https://m.iqiyi.com/w_19rtm18861.html,2016-10-10 22:40:30
